Manufacturer,Family,Part #,Alternative Label 1,Alternative Label 2,Alternative Label 3,Alternative Label 4,Alternative Label 5,Alternative Label 6,Empty,Empty,Empty,Chip Type,Sub-Family,Model number,Core,Core designer,Microarchitecture,Threads,CPUID,Core Count,Pipeline,Multiprocessing,Empty,Empty,Empty,Architecture,Data Bus(ext),Address Bus,Bus comments,Frequency(ext),Frequency(internal min),Frequency(internal max/typ),Actual bus frequency,Effective bus frequency,Bus bandwidth,Clock multiplier,Core Stepping,Empty,Empty,Empty,Empty,L1 data cache,L1 data comments,L1 instruction cache,L1 instruction comments,L1 unified cache,L1 unified comments,L2 cache,L2 comments,L3 cache,L3 comments,Empty,ROM Internal,ROM Type,RAM internal,RAM max,RAM type,Virtual memory max,Empty,Empty,Empty,Empty,Package,Package Size,Package Weight,Socket,Transistor count,Process Size,Metal Layers,Metal Type,Process technology,Die size,Green,Empty,Empty,Empty,Vcc(core range),Vcc(core typical),Empty,Vcc(secondary),Vcc(tertiary),Empty,Vcc(I/O),I/O compatibility,Power Min,Power Typ,Power Max,Power Thermal Design,Temperature range,Temperature Grade,Low Power Features,Empty,Empty,Empty,Empty,Empty,Instruction set,Instruction set extensions,Additional instructions,Computer architecture,ISA,Empty,Empty,Empty,Empty,FPU,On-chip peripherals,Features,Empty,Empty,Production type,Clone,Release date,Initial price,Applications,Military Spec,Comments,Empty,Empty,Empty,Empty,Empty,Empty,Reference 1,Reference 2,Reference 3,Reference 4,Reference 5,Reference 6,Reference 7,Reference 8,Empty,Empty,Empty,Empty,Empty,Photo front filename 1,Photo front source 1,Photo front copyright 1,Photo front comment 1,Empty,Photo back filename 1,Photo back source 1,Photo back copyright 1,Photo back comment 1,Empty,Photo front filename 2,Photo front source 2,Photo front copyright 2,Photo front comment 2,Empty,Photo back filename 2,Photo back source 2,Photo back copyright 2,Photo back comment 2,Empty,Photo front filename 2,Photo front source 2,Photo front copyright 2,Photo front comment 2,Empty,Photo back filename 2,Photo back source 2,Photo back copyright 2,Photo back comment 2,Empty,Photo front filename 3,Photo front source 3,Photo front copyright 3,Photo front comment 3,Empty,Photo back filename 3,Photo back source 3,Photo back copyright 3,Photo back comment 3,Empty,Photo front filename 4,Photo front source 4,Photo front copyright 4,Photo front comment 4,Empty,Photo back filename 4,Photo back source 4,Photo back copyright 4,Photo back comment 4,Empty,Die photo 1,Die photo source 1,Die photo copyright 1,Die photo comment 1,Empty
IBM,286,80286 XC,,,,,,,,,,CPU,,,,,,,NA,1,,,,,,,,,,,,,,,,,,,,,,,,,,,,,,,,NA,NA,NA,NA,,,,,,,,,,,,,,,,,,,,,,,,,,,,,,,,,,,,,,,,,,,,,,,,,,,,,,,,,,,,,,,,,,,,,http://www.chipdb.org/img-ibm-80286-xc-2590.htm,,,,,,,,,,,,,,,,,,,,,,,,,,,,,,,,,,,,,,,,,,,,,,,,
IBM,286,CG80286-6C,F39F03EB,,,,,,,,,CPU,,,,,,,NA,1,,,,,,16,,,,,,6MHz,6MHz,,,1,NA,,,,,none,NA,none,NA,none,NA,none,NA,none,NA,NA,NA,NA,NA,,,,,,,,CPGA-68,,,,,,,,,,,,,,,,,,,,,,,,,,,,,,,,,,x86-16,,,,x86,,,,,,,,,,,,,,,,,,,,,,,http://www.cpu-world.com/CPUs/80286/IBM-CG80286-6C.html,,,,,,,,,,,,,,,,,,,,,,,,,,,,,,,,,,,,,,,,,,,,,,,,
IBM,286,CG80286-8C,E38F00EB,,,,,,,,,CPU,,,,,,,NA,1,,,,,,16,,,,,,8MHz,8MHz,,,1,NA,,,,,none,NA,none,NA,none,NA,none,NA,none,NA,NA,NA,NA,NA,,,,,,,,CPGA-68,,,,,,,,,,,,,,,,,,,,,,,,,,,,,,,,,,x86-16,,,,x86,,,,,,,,,,,,,,,,,,,,,,,http://www.cpu-world.com/CPUs/80286/IBM-CG80286-8C.html,,,,,,,,,,,,,,,,,,,,,,,,,,,,,,,,,,,,,,,,,,,,,,,,
IBM,286,INT:286/12,,,,,,,,,,CPU,,,,,,,NA,1,,,,,,16,16,24,,,,12MHz,12MHz,,,1,NA,,,,,none,NA,none,NA,none,NA,none,NA,none,NA,NA,NA,NA,NA,,,,,,,,PLCC-68 with headsink,,,PLCC-68,134k,1.5um,,,,,,,,,,5V,,,,5V,5V,,,,,,,,,,,,,,x86-16,,,,x86,,,,,,,,,,,,02/1982,,,,,,,,,,,http://www.cpu-collection.de/?l0=co&l1=IBM&l2=80286,,,,,,,,,,,,,,,,,,,,,,,,,,,,,,,,,,,,,,,,,,,,,,,,
IBM,386,51F1784,,,,,,,,,,CPU,386DX,,,,,,NA,1,,,,,,,,,,,,,,,,,,,,,,,,,,,,,,none,NA,NA,NA,NA,NA,,,,,,,,,,,,,,,,,,,,,,,,,,,,,,,,,,,,,,,,,,,,,,,,,,,,,,,,,,,,,,,,,,,,,http://www.chipdb.org/img-ibm-386-51f1784-dx-20-2771.htm,,,,,,,,,,,,,,,,,,,,,,,,,,,,,,,,,,,,,,,,,,,,,,,,
IBM,386,51F1784ESD,,,,,,,,,,CPU,,,,,,,NA,1,,,,,,,,,,,,20MHz ?,,,,,,,,,,,,,,,,,,none,NA,NA,NA,NA,NA,,,,,,,,PGA-132,,,,,,,,,,,,,,,,,,,,,,,,,,,,,,,,,,,,,,x86,,,,,,,,,,,,,,,,,,,,,,,http://www.cpu-world.com/CPUs/80386/IBM-51F1784ESD.html,,,,,,,,,,,,,,,,,,,,,,,,,,,,,,,,,,,,,,,,,,,,,,,,
IBM,386,63F7615ESD,,,,,,,,,,CPU,,,,,,,NA,1,,,,,,,,,,,,,,,,,,,,,,,,,,,,,,none,NA,NA,NA,NA,NA,,,,,,,,PGA-132,,,,,,,,,,,,,,,,,,,,,,,,,,,,,,,,,,,,,,x86,,,,,,,,,,,,,,,,,,,,,,,http://www.cpu-world.com/CPUs/80386/IBM-63F7615ESD.html,,,,,,,,,,,,,,,,,,,,,,,,,,,,,,,,,,,,,,,,,,,,,,,,
IBM,486,03H8404,,,,,,,,,,CPU,,,,,,,,1,,,,,,32,,,,,,50MHz,,,,,,,,,,,,,,,,,,none,NA,NA,NA,NA,NA,,,,,,,,CPGA-168,,,,,,,,,,,,,,,,,,,,,,,,,,,,,,,,,,x86-32,,,,x86,,,,,,,,,,,,,,,,,,,,,,,http://www.cpu-world.com/CPUs/80486/IBM-03H8404.html,,,,,,,,,,,,,,,,,,,,,,,,,,,,,,,,,,,,,,,,,,,,,,,,
IBM,486,03H8581,,,,,,,,,,CPU,486DX2,,,,,,,1,,,,,,32,,,,,,50MHz,25MHz,,,,,,,,,,,,,,,,,none,NA,NA,NA,NA,NA,,,,,,,,,,,,,,,,,,,,,,,,,,,,,,,,,,,,,,,,,,,,,,,,,,,,,,,,,,,,,,,,,,,,,http://www.chipdb.org/img-ibm-486-03h8581-25-50mhz-6355.htm,,,,,,,,,,,,,,,,,,,,,,,,,,,,,,,,,,,,,,,,,,,,,,,,
IBM,486,03H8585,,,,,,,,,,CPU,,,,,,,,1,,,,,,32,,,,,,50MHz,,,,,,,,,,,,,,,,,,none,NA,NA,NA,NA,NA,,,,,,,,CPGA-168,,,,,,,,,,,,,,,,,,,,,,,,,,,,,,,,,,x86-32,,,,x86,,,,,,,,,,,,,,,,,,,,,,,http://www.cpu-world.com/CPUs/80486/IBM-03H8585.html,,,,,,,,,,,,,,,,,,,,,,,,,,,,,,,,,,,,,,,,,,,,,,,,
IBM,486,486-2V266GB,,,,,,,,,,CPU,486DX2,,,,i486,,,1,,,,,,32,32,32,,,,66MHz,,,,,,,,,,,,,,,,,,none,NA,NA,NA,NA,NA,4GiB,,,,,,,CPGA-168,,,,,,,,,,,,,,,,,,,,,,,,,,,,,,,,,,x86-32,,,,x86,,,,,,,,,,,,,,,,,,,,,,,http://www.cpu-world.com/CPUs/80486/IBM-486-2V266GB.html,,,,,,,,,,,,,,,,,,,,,,,,,,,,,,,,,,,,,,,,,,,,,,,,
IBM,486,486-4V3100GC,,,,,,,,,,CPU,,,,,,,,1,,,,,,32,,,,,,100MHz,,,,,,,,,,,,,,,,,,none,NA,NA,NA,NA,NA,,,,,,,,,,,,,,,,,,,,,,,,,,,,,,,,,,,,,,,,,,,,,,,,,,,,,,,,,,,,,,,,,,,,,http://www.chipdb.org/img-ibm-486dx4-4v3100gc-680.htm,,,,,,,,,,,,,,,,,,,,,,,,,,,,,,,,,,,,,,,,,,,,,,,,
IBM,486,486-4V3100GIC,,,,,,,,,,CPU,486DX4,,,,i486,,,1,,,,,,32,32,32,,,,100MHz,,,,,,,,,,,,,,,,,,none,NA,NA,NA,NA,NA,4GiB,,,,,,,CPGA-168,,,,,,,,,,,,,,,,,,,,,,,,,,,,,,,,,,x86-32,,,,x86,,,,,Integrated,,,,,,,,,,,,,,,,,,http://www.cpu-world.com/CPUs/80486/IBM-486-4V3100GIC.html,,,,,,,,,,,,,,,,,,,,,,,,,,,,,,,,,,,,,,,,,,,,,,,,
IBM,486,486-4V3100QIC,,,,,,,,,,CPU,486DX4,,,,i486,,,1,,,,,,32,32,32,,,,100MHz,,,,,,,,,,,,,,,,,,none,NA,NA,NA,NA,NA,4GiB,,,,,,,,,,,,,,,,,,,,,,,,,,,,,,,,,,,,,,,,,x86-32,,,,x86,,,,,,,,,,,,,,,,,,,,,,,http://www.cpu-world.com/CPUs/80486/IBM-486-4V3100QIC.html,,,,,,,,,,,,,,,,,,,,,,,,,,,,,,,,,,,,,,,,,,,,,,,,
IBM,486,486-4V375GC,,,,,,,,,,CPU,,,,,,,,1,,,,,,32,,,,,,75MHz,,,,,,,,,,,,,,,,,,none,NA,NA,NA,NA,NA,,,,,,,,,,,,,,,,,,,,,,,,,,,,,,,,,,,,,,,,,,,,,,,,,,,,,,,,,,,,,,,,,,,,,http://www.chipdb.org/img-ibm-486dx4-4v375gc-682.htm,,,,,,,,,,,,,,,,,,,,,,,,,,,,,,,,,,,,,,,,,,,,,,,,
IBM,486,486-4V375QIC,,,,,,,,,,CPU,486DX4,,,,i486,,,1,,,,,,32,32,32,,,,75MHz,,,,,,,,,,,,,,,,,,none,NA,NA,NA,NA,NA,4GiB,,,,,,,,,,,,,,,,,,,,,,,,,,,,,,,,,,,,,,,,,x86-32,,,,x86,,,,,,,,,,,,,,,,,,,,,,,http://www.cpu-world.com/CPUs/80486/IBM-486-4V375QIC.html,,,,,,,,,,,,,,,,,,,,,,,,,,,,,,,,,,,,,,,,,,,,,,,,
IBM,486,486-4V4100GIC,,,,,,,,,,CPU,486DX4,,,,i486,,,1,,,,,,32,32,32,,,,100MHz,,,,,,,,,,,,,,,,,,none,NA,NA,NA,NA,NA,4GiB,,,,,,,CPGA-168,,,,,,,,,,,,,,,,,,,,,,,,,,,,,,,,,,x86-32,,,,x86,,,,,Integrated,,,,,,,,,,,,,,,,,,http://www.cpu-world.com/CPUs/80486/IBM-486-4V4100GIC.html,,,,,,,,,,,,,,,,,,,,,,,,,,,,,,,,,,,,,,,,,,,,,,,,
IBM,486,486-V266GA,,,,,,,,,,CPU,486DX2,,,,i486,,,1,,,,,,32,32,32,,,,66MHz,,,,,,,,,,,,,,,,,,none,NA,NA,NA,NA,NA,4GiB,,,,,,,CPGA-168,,,,,,,,,,,,,,,,,,,,,,,,,,,,,,,,,,x86-32,,,,x86,,,,,Integrated,,,,,,,,,,,,,,,,,,http://www.cpu-world.com/CPUs/80486/IBM-486-V266GA.html,,,,,,,,,,,,,,,,,,,,,,,,,,,,,,,,,,,,,,,,,,,,,,,,
IBM,486,486-V266QA,,,,,,,,,,CPU,486DX2,,,,i486,,,1,,,,,,32,32,32,,,,66MHz,,,,,,,,,,,,,,,,,,none,NA,NA,NA,NA,NA,4GiB,,,,,,,,,,,,,,,,,,,,,,,,,,,,,,,,,,,,,,,,,x86-32,,,,x86,,,,,,,,,,,,,,,,,,,,,,,http://www.cpu-world.com/CPUs/80486/IBM-486-V266QA.html,,,,,,,,,,,,,,,,,,,,,,,,,,,,,,,,,,,,,,,,,,,,,,,,
IBM,486,486-V280GA,,,,,,,,,,CPU,,,,,,,,1,,,,,,32,,,,,,80MHz,,,,,,,,,,,,,,,,,,none,NA,NA,NA,NA,NA,,,,,,,,,,,,,,,,,,,,,,,,,,,,,,,,,,,,,,,,,,,,,,,,,,,,,,,,,,,,,,,,,,,,,http://www.chipdb.org/img-ibm-486dx2-v2880ga-5300.htm,,,,,,,,,,,,,,,,,,,,,,,,,,,,,,,,,,,,,,,,,,,,,,,,
IBM,486,486-V366GB,,,,,,,,,,CPU,,,,,,,,1,,,,,,32,,,,,,66MHz,,,,,,,,,,,,,,,,,,none,NA,NA,NA,NA,NA,,,,,,,,,,,,,,,,,,,,,,,,,,,,,,,,,,,,,,,,,,,,,,,,,,,,,,,,,,,,,,,,,,,,,http://www.chipdb.org/img-ibm-486dx2-v366gb-670.htm,,,,,,,,,,,,,,,,,,,,,,,,,,,,,,,,,,,,,,,,,,,,,,,,
IBM,486,486-V380GA,,,,,,,,,,CPU,486DX2,,,,i486,,,1,,,,,,32,32,32,,,,80MHz,,,,,,,,,,,,,,,,,,none,NA,NA,NA,NA,NA,4GiB,,,,,,,CPGA-168,,,,,,,,,,,,,,,,,,,,,,,,,,,,,,,,,,x86-32,,,,x86,,,,,Integrated,,,,,,,,,,,,,,,,,,http://www.cpu-world.com/CPUs/80486/IBM-486-V380GA.html,,,,,,,,,,,,,,,,,,,,,,,,,,,,,,,,,,,,,,,,,,,,,,,,
IBM,486,486-V580GA,,,,,,,,,,CPU,,,,,,,,1,,,,,,32,,,,,,80MHz,,,,,,,,,,,,,,,,,,none,NA,NA,NA,NA,NA,,,,,,,,,,,,,,,,,,,,,,,,,,,,,,,,,,,,,,,,,,,,,,,,,,,,,,,,,,,,,,,,,,,,,http://www.chipdb.org/img-ibm-486dx2-v580ga-675.htm,,,,,,,,,,,,,,,,,,,,,,,,,,,,,,,,,,,,,,,,,,,,,,,,
IBM,486,486-V666GA,,,,,,,,,,CPU,486DX2,,,,i486,,,1,,,,,,32,32,32,,,,66MHz,,,,,,,,,,,,,,,,,,none,NA,NA,NA,NA,NA,4GiB,,,,,,,CPGA-168,,,,,,,,,,,,,,,,,,,,,,,,,,,,,,,,,,x86-32,,,,x86,,,,,Integrated,,,,,,,,,,,,,,,,,,http://www.cpu-world.com/CPUs/80486/IBM-486-V666GA.html,,,,,,,,,,,,,,,,,,,,,,,,,,,,,,,,,,,,,,,,,,,,,,,,
IBM,486,486DX-33 (03H4944),,,,,,,,,,CPU,486DX,,,,i486,,,1,,,,,,32,32,32,,,,33MHz,,,,,,,,,,,,,,,,,,none,NA,NA,NA,NA,NA,4GiB,,,,,,,CPGA-168,,,,,,,,,,,,,,,,,,,,,,,,,,,,,,,,,,x86-32,,,,x86,,,,,Integrated,,,,,,,,,,,,,,,,,,http://www.cpu-world.com/CPUs/80486/IBM-486DX-33.html,,,,,,,,,,,,,,,,,,,,,,,,,,,,,,,,,,,,,,,,,,,,,,,,
IBM,486,486DX-33 (63G9145 no logo),,,,,,,,,,CPU,,,,,,,,1,,,,,,32,,,,,,,,,,,,,,,,,,,,,,,,none,NA,NA,NA,NA,NA,,,,,,,,,,,,,,,,,,,,,,,,,,,,,,,,,,,,,,,,,,,,,,,,,,,,,,,,,,,,,,,,,,,,,http://www.chipdb.org/img-ibm-486dx-33-63g9145-no-logos-655.htm,,,,,,,,,,,,,,,,,,,,,,,,,,,,,,,,,,,,,,,,,,,,,,,,
IBM,486,486DX-33 (63G9145),,,,,,,,,,CPU,,,,,,,,1,,,,,,32,,,,,,,,,,,,,,,,,,,,,,,,none,NA,NA,NA,NA,NA,,,,,,,,,,,,,,,,,,,,,,,,,,,,,,,,,,,,,,,,,,,,,,,,,,,,,,,,,,,,,,,,,,,,,http://www.chipdb.org/img-ibm-486dx-33-63g9145-656.htm,,,,,,,,,,,,,,,,,,,,,,,,,,,,,,,,,,,,,,,,,,,,,,,,
IBM,486,486DX2-3.45V66GP,,,,,,,,,,CPU,,,,,,,,1,,,,,,32,,,,,,66MHz,,,,,,,,,,,,,,,,,,none,NA,NA,NA,NA,NA,,,,,,,,,,,,,,,,,,,,,,,,,,,,,,,,,,,,,,,,,,,,,,,,,,,,,,,,,,,,,,,,,,,,,http://www.chipdb.org/img-ibm-486dx2-66-3.45-v66gp-669.htm,,,,,,,,,,,,,,,,,,,,,,,,,,,,,,,,,,,,,,,,,,,,,,,,
IBM,486,486DX2-3.6V66GP,,,,,,,,,,CPU,486DX2,,,,i486,,,1,,,,,,32,32,32,,,,66MHz,,,,,,,,,,,,,,,,,,none,NA,NA,NA,NA,NA,4GiB,,,,,,,,,,,,,,,,,,,,,,,,,,,,,,,,,,,,,,,,,x86-32,,,,x86,,,,,,,,,,,,,,,,,,,,,,,http://www.cpu-world.com/CPUs/80486/IBM-486DX2-3.6V66GP.html,,,,,,,,,,,,,,,,,,,,,,,,,,,,,,,,,,,,,,,,,,,,,,,,
IBM,486,486DX2-50 (03H4938),,,,,,,,,,CPU,486DX2,,,,i486,,,1,,,,,,32,32,32,,,,50MHz,,,,,,,,,,,,,,,,,,none,NA,NA,NA,NA,NA,4GiB,,,,,,,CPGA-168,,,,,,,,,,,,,,,,,,,,,,,,,,,,,,,,,,x86-32,,,,x86,,,,,Integrated,,,,,,,,,,,,,,,,,,http://www.cpu-world.com/CPUs/80486/IBM-486DX2-50.html,,,,,,,,,,,,,,,,,,,,,,,,,,,,,,,,,,,,,,,,,,,,,,,,
IBM,486,486DX2-50 (03H4946),,,,,,,,,,CPU,,,,,,,,1,,,,,,32,,,,,,50MHz,,,,,,,,,,,,,,,,,,none,NA,NA,NA,NA,NA,,,,,,,,,,,,,,,,,,,,,,,,,,,,,,,,,,,,,,,,,,,,,,,,,,,,,,,,,,,,,,,,,,,,,http://www.chipdb.org/img-ibm-486dx2-50-03h4946pq-661.htm,,,,,,,,,,,,,,,,,,,,,,,,,,,,,,,,,,,,,,,,,,,,,,,,
IBM,486,486DX2-50 (49G2988),,,,,,,,,,CPU,,,,,,,,1,,,,,,32,,,,,,50MHz,,,,,,,,,,,,,,,,,,none,NA,NA,NA,NA,NA,,,,,,,,,,,,,,,,,,,,,,,,,,,,,,,,,,,,,,,,,,,,,,,,,,,,,,,,,,,,,,,,,,,,,http://www.chipdb.org/img-ibm-486dx2-50-fru92f0147-49g2988-2537.htm,,,,,,,,,,,,,,,,,,,,,,,,,,,,,,,,,,,,,,,,,,,,,,,,
IBM,486,486DX2-50GB,,,,,,,,,,CPU,486DX2,,,,i486,,,1,,,,,,32,32,32,,,,50MHz,,,,,,,,,,,,,,,,,,none,NA,NA,NA,NA,NA,4GiB,,,,,,,CPGA-168,,,,,,,,,,,,,,,,,,,,,,,,,,,,,,,,,,x86-32,,,,x86,,,,,Integrated,,,,,,,,,,,,,,,,,,http://www.cpu-world.com/CPUs/80486/IBM-BL%20486DX2-50GB.html,,,,,,,,,,,,,,,,,,,,,,,,,,,,,,,,,,,,,,,,,,,,,,,,
IBM,486,486DX2-66 (03H4939),,,,,,,,,,CPU,486DX2,,,,i486,,,1,,,,,,32,32,32,,,,66MHz,,,,,,,,,,,,,,,,,,none,NA,NA,NA,NA,NA,4GiB,,,,,,,CPGA-168,,,,,,,,,,,,,,,,,,,,,,,,,,,,,,,,,,x86-32,,,,x86,,,,,Integrated,,,,,,,,,,,,,,,,,,http://www.cpu-world.com/CPUs/80486/IBM-486DX2-66.html,,,,,,,,,,,,,,,,,,,,,,,,,,,,,,,,,,,,,,,,,,,,,,,,
IBM,486,486DX2-66GP,,,,,,,,,,CPU,,,,,,,,1,,,,,,32,,,,,,66MHz,,,,,,,,,,,,,,,,,,none,NA,NA,NA,NA,NA,,,,,,,,,,,,,,,,,,,,,,,,,,,,,,,,,,,,,,,,,,,,,,,,,,,,,,,,,,,,,,,,,,,,,http://www.chipdb.org/img-ibm-486dx2-66gp-3244.htm,,,,,,,,,,,,,,,,,,,,,,,,,,,,,,,,,,,,,,,,,,,,,,,,
IBM,486,486DX2-V150GA,,,,,,,,,,CPU,,,,,,,,1,,,,,,32,,,,,,50MHz,,,,,,,,,,,,,,,,,,none,NA,NA,NA,NA,NA,,,,,,,,,,,,,,,,,,,,,,,,,,,,,,,,,,,,,,,,,,,,,,,,,,,,,,,,,,,,,,,,,,,,,http://www.chipdb.org/img-ibm-486dx2-v150ga-remarked-659.htm,,,,,,,,,,,,,,,,,,,,,,,,,,,,,,,,,,,,,,,,,,,,,,,,
IBM,486,486DX2-V50GP,,,,,,,,,,CPU,,,,,,,,1,,,,,,32,,,,,,50MHz,,,,,,,,,,,,,,,,,,none,NA,NA,NA,NA,NA,,,,,,,,,,,,,,,,,,,,,,,,,,,,,,,,,,,,,,,,,,,,,,,,,,,,,,,,,,,,,,,,,,,,,http://www.chipdb.org/img-ibm-486dx2-v50gp-663.htm,,,,,,,,,,,,,,,,,,,,,,,,,,,,,,,,,,,,,,,,,,,,,,,,
IBM,486,486DX2-V80GP,,,,,,,,,,CPU,,,,,,,,1,,,,,,32,,,,,,80MHz,,,,,,,,,,,,,,,,,,none,NA,NA,NA,NA,NA,,,,,,,,,,,,,,,,,,,,,,,,,,,,,,,,,,,,,,,,,,,,,,,,,,,,,,,,,,,,,,,,,,,,,http://www.chipdb.org/img-ibm-486dx2-v80gp-676.htm,,,,,,,,,,,,,,,,,,,,,,,,,,,,,,,,,,,,,,,,,,,,,,,,
IBM,486,49G2989,,,,,,,,,,CPU,,,,,,,,1,,,,,,32,,,,,,,,,,,,,,,,,,,,,,,,none,NA,NA,NA,NA,NA,,,,,,,,,,,,,,,,,,,,,,,,,,,,,,,,,,,,,,,,,,,,,,,,,,,,,,,,,,,,,,,,,,,,,http://www.chipdb.org/img-ibm-fru92f2582-49g2989-dx2-66-4183.htm,,,,,,,,,,,,,,,,,,,,,,,,,,,,,,,,,,,,,,,,,,,,,,,,
IBM,8088,4481480,,,,,,,,,,CPU,,,8088,Intel,,,NA,1,,,,,,,,,,,,,,,,,,,,,,,,,,,,,,none,NA,NA,NA,NA,NA,,,,,,,,,,,,,,,,,,,,,,,,,,,,,,,,,,,,,,,,,,,,,,,,,,,,,,,,,,,,,,,,,,,,,http://www.chipdb.org/img-ibm-8088-4481480-3220.htm,http://www.cpu-info.com/index2.php?mainid=Overview&showm=5,,,,,,,,,,,,,,,,,,,,,,,,,,,,,,,,,,,,,,,,,,,,,,,
IBM,486BL,80486BLX3-60,03H4831,,,,,,,,,CPU,,,486BLX3,IBM,,,,1,,,,,,32,32,32,,,,60MHz,20MHz,,,3,,,,,,,,,,,,,,none,NA,NA,NA,NA,NA,,,,,,,,Ceramic BQFP-132,,,NA,1.3M,,,,CMOS,,,,,,,,,,,,,,,,,,,,,,,,,,x86-32,,,,x86,,,,,,,,,,,,,,,,,,,,,,,http://www.pc-atrium.de/html/ibm80386.html,,,,,,,,,,,,,,,,,,,,,,,,,,,,,,,,,,,,,,,,,,,,,,,,
IBM,486BL,63G9560,,,,,,,,,,CPU,,,,,,,,,,,,,,,,,,,,,,,,,,,,,,,,,,,,,,none,NA,NA,NA,NA,NA,,,,,,,,,,,,,,,,,,,,,,,,,,,,,,,,,,,,,,,,,,,,,,,,,,,,,,,,,,,,,,,,,,,,,,,,,,,,,,,,,,,,,,,,,,,,,,,,,,,,,,,,,,,,,,,,,,,,,
IBM,486BL,80486BL/4-75,99F1720,,,,,,,,,CPU,,,,,,,,1,,,,,,32,,,,,,75MHz,25MHz,,,3,,,,,,,,,,,,,,none,NA,NA,NA,NA,NA,,,,,,,,,,,,1.4M,,,,,,,,,,,,,,,,,,,,,,,,,,,,,,x86-32,,,,x86,,,,,Ext 387,,,,,,,July 1993,,,,,,,,,,,http://redhill.net.au/c/c-5.html,,,,,,,,,,,,,,,,,,,,,,,,,,,,,,,,,,,,,,,,,,,,,,,,
IBM,486DLC,80486DLC2-66,03H4833,50G3589,13H6701,,,,,,,CPU,,,,,,,,1,,,,,,32,,,,,,,,,,,,,,,,,,,,,,,,none,NA,NA,NA,NA,NA,,,,,,,,,,,,,,,,,,,,,,,,,,,,,,,,,,,,,,,,,,x86-32,,,,x86,,,,,,,,,,,,,,,,,,,,,,,http://www.chipdb.org/img-ibm-486dlc2-66-6679.htm,http://www.cpu-world.com/info/IBM-parts.html,http://www.pc-atrium.de/html/ibm80386.html,http://cpucollection.ca/IBM486.htm,,,,,,,,,,,,,,,,,,,,,,,,,,,,,,,,,,,,,,,,,,,,,
IBM,486DLC,64G2842,,,,,,,,,,CPU,,,,,,,,,,,,,,,,,,,,,,,,,,,,,,,,,,,,,,none,NA,NA,NA,NA,NA,,,,,,,,,,,,,,,,,,,,,,,,,,,,,,,,,,,,,,,,,,x86-32,,,,x86,,,,,,,,,,,,,,,,,,,,,,,http://www.cpu-world.com/info/IBM-parts.html,,,,,,,,,,,,,,,,,,,,,,,,,,,,,,,,,,,,,,,,,,,,,,,,
IBM,486SLC,10G7103,,,,,,,,,,CPU,,,,,,,,,,,,,,,,,,,,,,,,,,,,,,,,,,,,,,none,NA,NA,NA,NA,NA,,,,,,,,,,,,,,,,,,,,,,,,,,,,,,,,,,,,,,,,,,x86-32,,,,x86,,,,,,,,,,,,,,,,,,,,,,,http://www.cpu-world.com/info/IBM-parts.html,,,,,,,,,,,,,,,,,,,,,,,,,,,,,,,,,,,,,,,,,,,,,,,,
IBM,486SLC,13H6698,,,,,,,,,,CPU,,,,,,,,,,,,,,,,,,,,,,,,,,,,,,,,,,,,,,none,NA,NA,NA,NA,NA,,,,,,,,,,,,,,,,,,,,,,,,,,,,,,,,,,,,,,,,,,x86-32,,,,x86,,,,,,,,,,,,,,,,,,,,,,,http://www.cpu-world.com/info/IBM-parts.html,,,,,,,,,,,,,,,,,,,,,,,,,,,,,,,,,,,,,,,,,,,,,,,,
IBM,486SLC,33G0392,,,,,,,,,,CPU,,,,,,,,,,,,,,,,,,,,,,,,,,,,,,,,,,,,,,none,NA,NA,NA,NA,NA,,,,,,,,,,,,,,,,,,,,,,,,,,,,,,,,,,,,,,,,,,x86-32,,,,x86,,,,,,,,,,,,,,,,,,,,,,,http://www.cpu-world.com/info/IBM-parts.html,,,,,,,,,,,,,,,,,,,,,,,,,,,,,,,,,,,,,,,,,,,,,,,,
IBM,486SLC,80486SLC2-66,50G6663,33G0400,,,,,,,,CPU,,,486SLC2,IBM,,,,1,,,,,,32,16,24,,,,66MHz,33MHz,,,2,,,,,,,,,,,,,,none,NA,NA,NA,NA,NA,,,,,,,,Ceramic BQFP-100,,,NA,1.3M,,,,CMOS,,,,,,,,,,,,,,,,,,,,,,,,,,x86-32,,,,x86,,,,,,,,,,,,,,,,,,,,,,,http://www.cpu-world.com/info/IBM-parts.html,http://www.pc-atrium.de/html/ibm80386.html,http://www.chipdb.org/img-ibm-486slc2-7272.htm,http://www.cpupages.com/store/index.php?id_item=1760,,,,,,,,,,,,,,,,,,,,,,,,,,,,,,,,,,,,,,,,,,,,,
IBM,486SLC,50G7262,,,,,,,,,,CPU,,,,,,,,,,,,,,,,,,,,,,,,,,,,,,,,,,,,,,none,NA,NA,NA,NA,NA,,,,,,,,,,,,,,,,,,,,,,,,,,,,,,,,,,,,,,,,,,x86-32,,,,x86,,,,,,,,,,,,,,,,,,,,,,,http://www.cpu-world.com/info/IBM-parts.html,,,,,,,,,,,,,,,,,,,,,,,,,,,,,,,,,,,,,,,,,,,,,,,,
IBM,486SLC,80486SLC2-50,70G7092,50G7261,50G6950,33G0395,50G3588,,,,,CPU,,,,,,,,,,,,,,,,,,,,,,,,,,,,,,,,,,,,,,none,NA,NA,NA,NA,NA,,,,,,,,,,,,,,,,,,,,,,,,,,,,,,,,,,,,,,,,,,x86-32,,,,x86,,,,,,,,,,,,,,,,,,,,,,,http://www.cpu-world.com/info/IBM-parts.html,http://www.chipdb.org/img-ibm-486-slc2-50-50g6950-6369.htm,http://www.cpu-world.com/info/IBM-parts.html,http://www.pc-atrium.de/html/ibm80386.html,http://www.pc-atrium.de/html/ibm80386.html,http://cpucollection.ca/IBM486.htm,http://www.happytrees.org/chips?page=chip&manufacturer=IBM&part=80486SLC2_50,http://www.cpupages.com/store/index.php?id_item=344,,,,,,,,,,,,,,,,,,,,,,,,,,,,,,,,,,,,,,,,,
IBM,5x86,5x86-3V2100QF,,,,,,,,,,CPU,,,,,,,,1,,,,,,32,,32,,,,100MHz,"33MHz, 50MHz",,,"3, 2",,,,,,none,NA,none,NA,16KiB,,,,none,NA,NA,NA,NA,NA,4GiB,,,,,,,QFP-208,,,NA,,,,,,,,,,,,,,,,3.2V,,,,,,,,,,,,,,,x86-32,,,,x86,,,,,Integrated,,,,,,,23-Oct-95,$131,,,,,,,,,,http://www.cpu-world.com/CPUs/5x86/IBM-5x86-3V2100QF.html,,,,,,,,,,,,,,,,,,,,,,,,,,,,,,,,,,,,,,,,,,,,,,,,
IBM,5x86,5x86-3V3100GA,5x86-3V3100GB,5x86-3V3100GF,,,,,,,,CPU,,,,,,,,1,,,,,,32,,32,,,,100MHz,"33MHz, 50MHz",,,"3, 2",,,,,,none,NA,none,NA,16KiB,,,,none,NA,NA,NA,NA,NA,4GiB,,,,,,,CPGA-168,,,,,,,,,,,,,,,,,,,3.3V,,,,,,,,,,,,,,,x86-32,,,,x86,,,,,Integrated,,,,,,,23-Oct-95,$131,,,,,,,,,,http://www.cpu-world.com/CPUs/5x86/IBM-5x86-3V3100GA%20-%205x86-3V3100GB%20-%205x86-3V3100GF.html,,,,,,,,,,,,,,,,,,,,,,,,,,,,,,,,,,,,,,,,,,,,,,,,
IBM,5x86,5x86-3V3100GB,,,,,,,,,,CPU,,,,,,,,,,,,,,,,,,,,,,,,,,,,,,,,,,,,,,none,NA,NA,NA,NA,NA,,,,,,,,,,,,,,,,,,,,,,,,,,,,,,,,,,,,,,,,,,,,,,,,,,,,,,,,,,,,,,,,,,,,,http://www.chipdb.org/img-ibm-5x86-3v3100gb-686.htm,,,,,,,,,,,,,,,,,,,,,,,,,,,,,,,,,,,,,,,,,,,,,,,,
IBM,5x86,5x86-3V3100GF (CPGA),,,,,,,,,,CPU,,,,,,,,,,,,,,,,,,,,,,,,,,,,,,,,,,,,,,none,NA,NA,NA,NA,NA,,,,,,,,,,,,,,,,,,,,,,,,,,,,,,,,,,,,,,,,,,,,,,,,,,,,,,,,,,,,,,,,,,,,,http://www.chipdb.org/img-ibm-5x86-3v3100gf-687.htm,,,,,,,,,,,,,,,,,,,,,,,,,,,,,,,,,,,,,,,,,,,,,,,,
IBM,5x86,5x86-3V3100GF (PQFP),,,,,,,,,,CPU,,,,,,,,,,,,,,,,,,,,,,,,,,,,,,,,,,,,,,none,NA,NA,NA,NA,NA,,,,,,,,,,,,,,,,,,,,,,,,,,,,,,,,,,,,,,,,,,,,,,,,,,,,,,,,,,,,,,,,,,,,,http://www.chipdb.org/img-ibm-5x86-3v3100gf-pqfp-689.htm,,,,,,,,,,,,,,,,,,,,,,,,,,,,,,,,,,,,,,,,,,,,,,,,
IBM,5x86,5x86-3V3100HA,5x86-3V3100HB,5x86-3V3100HF,,,,,,,,CPU,,,,,,,,1,,,,,,32,,32,,,,100MHz,"33MHz, 50MHz",,,"3, 2",,,,,,none,NA,none,NA,16KiB,,,,none,NA,NA,NA,NA,NA,4GiB,,,,,,,CPGA-168 with heatsink,,,,,,,,,,,,,,,,,,,3.3V,,,,,,,,,,,,,,,x86-32,,,,x86,,,,,Integrated,,,,,,,23-Oct-95,$131,,,,,,,,,,http://www.cpu-world.com/CPUs/5x86/IBM-5x86-3V3100HA%20-%205x86-3V3100HB%20-%205x86-3V3100HF.html,,,,,,,,,,,,,,,,,,,,,,,,,,,,,,,,,,,,,,,,,,,,,,,,
IBM,5x86,5x86-3V3100HB,,,,,,,,,,CPU,,,,,,,,,,,,,,,,,,,,,,,,,,,,,,,,,,,,,,none,NA,NA,NA,NA,NA,,,,,,,,,,,,,,,,,,,,,,,,,,,,,,,,,,,,,,,,,,,,,,,,,,,,,,,,,,,,,,,,,,,,,http://www.chipdb.org/img-ibm-5x86-3v3100hb-691.htm,,,,,,,,,,,,,,,,,,,,,,,,,,,,,,,,,,,,,,,,,,,,,,,,
IBM,5x86,5x86-3V3100HF,,,,,,,,,,CPU,,,,,,,,,,,,,,,,,,,,,,,,,,,,,,,,,,,,,,none,NA,NA,NA,NA,NA,,,,,,,,,,,,,,,,,,,,,,,,,,,,,,,,,,,,,,,,,,,,,,,,,,,,,,,,,,,,,,,,,,,,,http://www.chipdb.org/img-ibm-5x86c-3v3-100hf-688.htm,,,,,,,,,,,,,,,,,,,,,,,,,,,,,,,,,,,,,,,,,,,,,,,,
IBM,5x86,5x86-3V375HF,,,,,,,,,,CPU,,,,,,,,1,,,,,,32,,32,,,,100MHz,"33MHz, 50MHz",,,"3, 2",,,,,,none,NA,none,NA,16KiB,,,,none,NA,NA,NA,NA,NA,4GiB,,,,,,,CPGA-168 with heatsink,,,,,,,,,,,,,,,,,,,3.3V,,,,,,,,,,,,,,,x86-32,,,,x86,,,,,Integrated,,,,,,,23-Oct-95,$109,,,,,,,,,,http://www.cpu-world.com/CPUs/5x86/IBM-5x86-3V375HF.html,,,,,,,,,,,,,,,,,,,,,,,,,,,,,,,,,,,,,,,,,,,,,,,,
IBM,6x86,5x86-3V3120GF,,,,,,,,,,CPU,,,,,,,,,,,,,,,,,,,,,,,,,,,,,,,,,,,,,,,,NA,NA,NA,NA,,,,,,,,,,,,,,,,,,,,,,,,,,,,,,,,,,,,,,,,,,,,,,,,,,,,,,,,,,,,,,,,,,,,,http://www.chipdb.org/img-ibm-5x86-3v3120gf-3378.htm,,,,,,,,,,,,,,,,,,,,,,,,,,,,,,,,,,,,,,,,,,,,,,,,
IBM,6x86,6x86-2V2100GB,,,,,,,,,,CPU,,,,,,,,1,,,,,,32,64,32,,,,100MHz,50MHz,,,2,,,,,,,,,,,,External,,,,NA,NA,NA,NA,4GiB,,,,,,,Staggered CPGA-296,49.6 x 49.6 x 7 mm^3,,Socket 7,,0.65um,,,CMOS,,,,,,,,,,,,3.3V,,,,,,,,,,,,,,x86-32,,,,x86,,,,,Integrated,,,,,,,,,,,,,,,,,,http://www.cpu-world.com/CPUs/6x86/IBM-6x86-2V2100GB.html,http://www.cpu-collection.de/?tn=0&l0=co&l1=IBM&l2=6x86,,,,,,,,,,,,,,,,,,,,,,,,,,,,,,,,,,,,,,,,,,,,,,,
IBM,6x86,6x86-2V2120GB,,,,,,,,,,CPU,,,,,,,,1,,,,,,32,64,32,,,,100MHz (120MHz rated),50MHz,,,2,,,,,,,,,,,,External,,,,NA,NA,NA,NA,4GiB,,,,,,,Staggered CPGA-296,49.6 x 49.6 x 7 mm^3,,Socket 7,,0.65um,,,CMOS,,,,,,,,,,,3.3V,3.3V,,,,,,,,,,,,,,x86-32,,,,x86,,,,,Integrated,,,,,,,,,,,,,,,,,,http://www.cpu-world.com/CPUs/6x86/IBM-6x86-2V2120GB.html,http://www.cpu-collection.de/?tn=0&l0=co&l1=IBM&l2=6x86,,,,,,,,,,,,,,,,,,,,,,,,,,,,,,,,,,,,,,,,,,,,,,,
IBM,6x86,6x86-2V2120GB,,,,,,,,,,CPU,,,,,,,,,,,,,,,,,,,,,,,,,,,,,,,,,,,,,,,,NA,NA,NA,NA,,,,,,,,,,,,,,,,,,,,,,,,,,,,,,,,,,,,,,,,,,,,,,,,,,,,,,,,,,,,,,,,,,,,,http://www.chipdb.org/img-ibm-6x86-p150plus-6x86-2v2120gb-696.htm,,,,,,,,,,,,,,,,,,,,,,,,,,,,,,,,,,,,,,,,,,,,,,,,
IBM,6x86,6x86-2V2P120GC,,,,,,,,,,CPU,,,,,,,,1,,,,,,32,64,32,,,,120MHz (150MHz rated),,,,,,,,,,,,,,,,External,,,,NA,NA,NA,NA,4GiB,,,,,,,Staggered CPGA-296,49.6 x 49.6 x 7 mm^3,,Socket 7,,0.65um,,,CMOS,,,,,,,,,,,,3.3V,,,,,,,,,,,,,,x86-32,,,,x86,,,,,Integrated,,,,,,,,,,,,,,,,,,http://www.cpu-world.com/CPUs/6x86/IBM-6x86-2V2P120GC.html,http://www.cpu-collection.de/?tn=0&l0=co&l1=IBM&l2=6x86,,,,,,,,,,,,,,,,,,,,,,,,,,,,,,,,,,,,,,,,,,,,,,,
IBM,6x86,6x86-2V2P120GE,,,,,,,,,,CPU,,,,,,,,,,,,,,,,,,,,,,,,,,,,,,,,,,,,,,,,NA,NA,NA,NA,,,,,,,,,,,,,,,,,,,,,,,,,,,,,,,,,,,,,,,,,,,,,,,,,,,,,,,,,,,,,,,,,,,,,http://www.chipdb.org/img-ibm-6x86-p120plus-6x86-2v2p120ge-7110.htm,,,,,,,,,,,,,,,,,,,,,,,,,,,,,,,,,,,,,,,,,,,,,,,,
IBM,6x86,6x86-2V2P150GC,,,,,,,,,,CPU,,,,,,,,,,,,,,,,,,,,,,,,,,,,,,,,,,,,,,,,NA,NA,NA,NA,,,,,,,,,,,,,,,,,,,,,,,,,,,,,,,,,,,,,,,,,,,,,,,,,,,,,,,,,,,,,,,,,,,,,http://www.chipdb.org/img-ibm-6x86-p150plus-6x86-2v2p150gc-699.htm,,,,,,,,,,,,,,,,,,,,,,,,,,,,,,,,,,,,,,,,,,,,,,,,
IBM,6x86,6x86-2V2P150GE (120 MHz 3.3V),,,,,,,,,,CPU,,,,,,,,1,,,,,,32,64,32,,,,120MHz (150MHz rated),60MHz,,,2,,,,,,,,,,,,External,,,,NA,NA,NA,NA,4GiB,,,,,,,Staggered CPGA-296,49.6 x 49.6 x 7 mm^3,,Socket 7,,0.65um,,,CMOS,,,,,,,,,,,3.3V,3.3V,,,,,,,,,,,,,,x86-32,,,,x86,,,,,Integrated,,,,,,,,,,,,,,,,,,http://www.cpu-world.com/CPUs/6x86/IBM-6x86-2V2P150GE%20%28120%20MHz%203.3V%29.html,http://www.cpu-collection.de/?tn=0&l0=co&l1=IBM&l2=6x86,,,,,,,,,,,,,,,,,,,,,,,,,,,,,,,,,,,,,,,,,,,,,,,
IBM,6x86,6x86-2V2P166GC,,,,,,,,,,CPU,,,,,,,,,,,,,,,,,,,,,,,,,,,,,,,,,,,,,,,,NA,NA,NA,NA,,,,,,,,,,,,,,,,,,,,,,,,,,,,,,,,,,,,,,,,,,,,,,,,,,,,,,,,,,,,,,,,,,,,,http://www.chipdb.org/img-ibm-6x86-p166plus-6x86-2v2p166gc-3.3v-7227.htm,,,,,,,,,,,,,,,,,,,,,,,,,,,,,,,,,,,,,,,,,,,,,,,,
IBM,6x86,6x86-2V2P166GE (133 MHz 3.3V),,,,,,,,,,CPU,,,,,,,,1,,,,,,32,64,32,,,,133MHz (166MHz rated),66MHz,,,2,,,,,,,,,,,,External,,,,NA,NA,NA,NA,4GiB,,,,,,,Staggered CPGA-296,49.6 x 49.6 x 7 mm^3,,Socket 7,,0.65um,,,CMOS,,,,,,,,,,,3.3V,3.3V,,,,,,,,,,,,,,x86-32,,,,x86,,,,,Integrated,,,,,,,,,,,,,,,,,,http://www.cpu-world.com/CPUs/6x86/IBM-6x86-2V2P166GE%20%28133%20MHz%203.3V%29.html,http://www.cpu-collection.de/?tn=0&l0=co&l1=IBM&l2=6x86,,,,,,,,,,,,,,,,,,,,,,,,,,,,,,,,,,,,,,,,,,,,,,,
IBM,6x86,6x86-2V7120GB,,,,,,,,,,CPU,,,,,,,,,,,,,,,,,,,,,,,,,,,,,,,,,,,,,,,,NA,NA,NA,NA,,,,,,,,,,,,,,,,,,,,,,,,,,,,,,,,,,,,,,,,,,,,,,,,,,,,,,,,,,,,,,,,,,,,,http://www.chipdb.org/img-ibm-6x86-6x86-2v7120gb-3713.htm,,,,,,,,,,,,,,,,,,,,,,,,,,,,,,,,,,,,,,,,,,,,,,,,
IBM,6x86,6x86-2V7P166GE,,,,,,,,,,CPU,,,,,,,,,,,,,,,,,,,,,,,,,,,,,,,,,,,,,,,,NA,NA,NA,NA,,,,,,,,,,,,,,,,,,,,,,,,,,,,,,,,,,,,,,,,,,,,,,,,,,,,,,,,,,,,,,,,,,,,,http://www.chipdb.org/img-ibm-6x86-p166plus-6x86-2v7p166ge-701.htm,,,,,,,,,,,,,,,,,,,,,,,,,,,,,,,,,,,,,,,,,,,,,,,,
IBM,6x86,6x86-2V7P200GE (150MHz 3.5V),,,,,,,,,,CPU,,,,,,,,1,,,,,,32,64,32,,,,150MHz (200MHz rated),60MHz,,,2.5,,,,,,,,,,,,External,,,,NA,NA,NA,NA,4GiB,,,,,,,Staggered CPGA-296,49.6 x 49.6 x 7 mm^3,,Socket 7,,0.65um,,,CMOS,,,,,,,,,,,3.5V,3.3V,,,,,,,,,,,,,,x86-32,,,,x86,,,,,Integrated,,,,,,,,,,,,,,,,,,http://www.cpu-collection.de/?tn=0&l0=co&l1=IBM&l2=6x86,,,,,,,,,,,,,,,,,,,,,,,,,,,,,,,,,,,,,,,,,,,,,,,,
IBM,6x86,6x86L LOW VOLTAGE SAMPLE REV B,,,,,,,,,,CPU,6x86L,,,,,,,,,,,,,,,,,,,,,,,,,,,,,,,,,,,,,,,NA,NA,NA,NA,,,,,,,,,,,,,,,,,,,,,,,,,,,,,,,,,,,,,,,,,,,,,,,,,,,,,,,,,,,,,,,,,,,,,http://www.chipdb.org/img-ibm-6x86l-low-voltage-sample-rev-diff-package-6549.htm,,,,,,,,,,,,,,,,,,,,,,,,,,,,,,,,,,,,,,,,,,,,,,,,
IBM,6x86,6x86L-166,,,,,,,,,,CPU,6x86L,,,,,,,1,,,,,,32,64,32,,,,133MHz (166MHz rated),66MHz,,,2,,,,,,,,,,,,External,,,,NA,NA,NA,NA,4GiB,,,,,,,Staggered CPGA-296,49.6 x 49.6 x 7 mm^3,,Socket 7,,,,,CMOS,,,,,,,,,,,2.8V,3.3V,,,,,,,,,,,,,,x86-32,,,,x86,,,,,Integrated,,,,,,,,,,,,,,,,,,http://www.cpu-world.com/CPUs/6x86/IBM-6x86L-166.html,,,,,,,,,,,,,,,,,,,,,,,,,,,,,,,,,,,,,,,,,,,,,,,,
IBM,6x86,6x86L-2VAP120GB,,,,,,,,,,CPU,6x86L,,,,,,,,,,,,,,,,,,,,,,,,,,,,,,,,,,,,,,,NA,NA,NA,NA,,,,,,,,,,,,,,,,,,,,,,,,,,,,,,,,,,,,,,,,,,,,,,,,,,,,,,,,,,,,,,,,,,,,,http://www.chipdb.org/img-ibm-6x86l-p120plus-6x86l-2vap120gb-6313.htm,,,,,,,,,,,,,,,,,,,,,,,,,,,,,,,,,,,,,,,,,,,,,,,,
IBM,6x86,6x86L-2VAP150GB (120 MHz 2.8V),,,,,,,,,,CPU,6x86L,,,,,,,1,,,,,,32,64,32,,,,120MHz (150MHz rated),60MHz,,,2,,,,,,,,,,,,External,,,,NA,NA,NA,NA,4GiB,,,,,,,Staggered CPGA-296,49.6 x 49.6 x 7 mm^3,,Socket 7,,0.35um,,,CMOS,,,,,,,,,,,2.8V,3.3V,,,,,,,,,,,,,,x86-32,,,,x86,,,,,Integrated,,,,,,,,,,,,,,,,,,http://www.cpu-world.com/CPUs/6x86/IBM-6x86L-2VAP150GB%20%28120%20MHz%202.8V%29.html,http://www.cpu-collection.de/?tn=0&l0=co&l1=IBM&l2=6x86,,,,,,,,,,,,,,,,,,,,,,,,,,,,,,,,,,,,,,,,,,,,,,,
IBM,6x86,6x86L-2VAP166GB (133MHz 2.8V),,,,,,,,,,CPU,6x86L,,,,,,,1,,,,,,32,64,32,,,,133MHz (166MHz rated),66MHz,,,2,,,,,,,,,,,,External,,,,NA,NA,NA,NA,4GiB,,,,,,,Staggered CPGA-296,49.6 x 49.6 x 7 mm^3,,Socket 7,,,,,CMOS,,,,,,,,,,,2.8V,3.3V,,,,,,,,,,,,,,x86-32,,,,x86,,,,,Integrated,,,,,,,,,,,,,,,,,,http://www.cpu-collection.de/?tn=0&l0=co&l1=IBM&l2=6x86,,,,,,,,,,,,,,,,,,,,,,,,,,,,,,,,,,,,,,,,,,,,,,,,
IBM,6x86,6x86L-2VAP200GB (150 MHz 2.8V),,,,,,,,,,CPU,6x86L,,,,,,,1,,,,,,32,64,32,,,,150MHz (200MHz rated),60MHz,,,2.5,,,,,,,,,,,,External,,,,NA,NA,NA,NA,4GiB,,,,,,,Staggered CPGA-296,49.6 x 49.6 x 7 mm^3,,Socket 7,,0.35um,,,CMOS,,,,,,,,,,,2.8V,3.3V,,,,,,,,,,,,,,x86-32,,,,x86,,,,,Integrated,,,,,,,,,,,,,,,,,,http://www.cpu-world.com/CPUs/6x86/IBM-6x86L-2VAP200GB%20%28150%20MHz%202.8V%29.html,http://www.cpu-collection.de/?tn=0&l0=co&l1=IBM&l2=6x86,,,,,,,,,,,,,,,,,,,,,,,,,,,,,,,,,,,,,,,,,,,,,,,
IBM,6x86,6x86MX C4 SAMPLE,,,,,,,,,,CPU,6x86MX,,,,,,,,,,,,,,,,,,,,,,,,,,,,,,,,,,,,,,,NA,NA,NA,NA,,,,,,,,,,,,,,,,,,,,,,,,,,,,,,,,,,,,,,,,,,,,,,,,,,,,,,,,,,,,,,,,,,,,,http://www.chipdb.org/img-ibm-6x86mx-c4-sample-black-hs-6546.htm,,,,,,,,,,,,,,,,,,,,,,,,,,,,,,,,,,,,,,,,,,,,,,,,
IBM,6x86,6x86MX SAMPLE,,,,,,,,,,CPU,6x86MX,,,,,,,,,,,,,,,,,,,,,,,,,,,,,,,,,,,,,,,NA,NA,NA,NA,,,,,,,,,,,,,,,,,,,,,,,,,,,,,,,,,,,,,,,,,,,,,,,,,,,,,,,,,,,,,,,,,,,,,http://www.chipdb.org/img-ibm-6x86mx-sample-5655.htm,,,,,,,,,,,,,,,,,,,,,,,,,,,,,,,,,,,,,,,,,,,,,,,,
IBM,6x86,6x86MX-AVAPR166GA,,,,,,,,,,CPU,6x86MX,,,,,,,1,,,,,,32,64,32,,,,133MHz (166MHz rated),66MHz,,,2,,,,,,,,,,64KiB,,External 256KiB - 1MiB,,,,NA,NA,NA,NA,4GiB,,64TiB,,,,,Staggered CPGA-296,49.6 x 49.6 x 7 mm^3,,Socket 7,6M,0.35um,,,CMOS,197mm^2,,,,,,,,,,2.9V,3.3V,,,10.6W,17.6W,,0 - 70C,,,,,,,,x86-32,,,,x86,,,,,Integrated,,,,,,,30-May-97,,,,,,,,,,,http://www.cpupages.com/store/index.php?id_item=347,,,,,,,,,,,,,,,,,,,,,,,,,,,,,,,,,,,,,,,,,,,,,,,,
IBM,6x86,6x86MX-AVAPR166GB,,,,,,,,,,CPU,6x86MX,,,,,,,,,,,,,,,,,,,,,,,,,,,,,,,,,,,,,,,NA,NA,NA,NA,,,,,,,,,,,,,,,,,,,,,,,,,,,,,,,,,,,,,,,,,,,,,,,,,,,,,,,,,,,,,,,,,,,,,http://www.chipdb.org/img-ibm-6x86mx-pr166-6x86mx-avapr166gb-709.htm,,,,,,,,,,,,,,,,,,,,,,,,,,,,,,,,,,,,,,,,,,,,,,,,
IBM,6x86,6x86MX-AVAPR166GB (66MHz 2.9V),,,,,,,,,,CPU,6x86MX,,,,,,,1,,,,,,32,64,32,,,,133MHz (166MHz rated),66MHz,,,2,,,,,,,,,,,,External,,,,NA,NA,NA,NA,4GiB,,,,,,,Staggered CPGA-296,49.6 x 49.6 x 7 mm^3,,Socket 7,,0.35um,5,,CMOS,,,,,,,,,,,2.9V,3.3V,,,,,,,,,,,,,,x86-32,,,,x86,,,,,Integrated,,,,,,,30-May-97,$202,,,,,,,,,,http://www.cpu-world.com/CPUs/6x86/IBM-6x86MX-AVAPR166GB%20%2866MHz%202.9V%29.html,http://www.cpu-collection.de/?tn=0&l0=co&l1=IBM&l2=6x86,http://www.cpupages.com/store/index.php?id_item=348,,,,,,,,,,,,,,,,,,,,,,,,,,,,,,,,,,,,,,,,,,,,,,
IBM,6x86,6x86MX-AVAPR166GC,,,,,,,,,,CPU,6x86MX,,,,,,,1,,,,,,32,64,32,,,,133MHz (166MHz rated),66MHz,,,2,,,,,,,,,,64KiB,,External 256KiB - 1MiB,,,,NA,NA,NA,NA,4GiB,,64TiB,,,,,Staggered CPGA-296,49.6 x 49.6 x 7 mm^3,,Socket 7,6M,0.35um,,,CMOS,197mm^2,,,,,,,,,,2.9V,3.3V,,,10.6W,17.6W,,0 - 70C,,,,,,,,x86-32,,,,x86,,,,,Integrated,,,,,,,30-May-97,,,,,,,,,,,http://www.cpupages.com/store/index.php?id_item=349,,,,,,,,,,,,,,,,,,,,,,,,,,,,,,,,,,,,,,,,,,,,,,,,
IBM,6x86,6x86MX-AVAPR200GA,,,,,,,,,,CPU,6x86MX,,,,,,,,,,,,,,,,,,,,,,,,,,,,,,,,,,,,,,,NA,NA,NA,NA,,,,,,,,,,,,,,,,,,,,,,,,,,,,,,,,,,,,,,,,,,,,,,,,,,,,,,,,,,,,,,,,,,,,,http://www.chipdb.org/img-ibm-6x86mx-pr200-6x86mx-avapr200ga-2670.htm,,,,,,,,,,,,,,,,,,,,,,,,,,,,,,,,,,,,,,,,,,,,,,,,
IBM,6x86,6x86MX-AVAPR200GB,,,,,,,,,,CPU,6x86MX,,,,,,,1,,,,,,32,64,32,,,,150MHz (200MHz rated),75Mhz,,,2,,,,,,,,,,64KiB,,External 256KiB - 1MiB,,,,NA,NA,NA,NA,4GiB,,64TiB,,,,,Staggered CPGA-296,49.6 x 49.6 x 7 mm^3,,Socket 7,6M,0.35um,,,CMOS,197mm^2,,,,,,,,,,2.9V,3.3V,,,11.4W,18.9W,,0 - 70C,,,,,,,,x86-32,,,,x86,,,,,Integrated,,,,,,,30-May-97,,,,,,,,,,,http://www.cpupages.com/store/index.php?id_item=350,,,,,,,,,,,,,,,,,,,,,,,,,,,,,,,,,,,,,,,,,,,,,,,,
IBM,6x86,6x86MX-AVAPR233GB,,,,,,,,,,CPU,6x86MX,,,,,,,,,,,,,,,,,,,,,,,,,,,,,,,,,,,,,,,NA,NA,NA,NA,,,,,,,,,,,,,,,,,,,,,,,,,,,,,,,,,,,,,,,,,,,,,,,,,,,,,,,,,,,,,,,,,,,,,http://www.chipdb.org/img-ibm-6x86mx-pr233-6x86mx-avapr233gb-3639.htm,,,,,,,,,,,,,,,,,,,,,,,,,,,,,,,,,,,,,,,,,,,,,,,,
IBM,6x86,6x86MX-AVAPR233GC,,,,,,,,,,CPU,6x86MX,,,,,,,,,,,,,,,,,,,,,,,,,,,,,,,,,,,,,,,NA,NA,NA,NA,,,,,,,,,,,,,,,,,,,,,,,,,,,,,,,,,,,,,,,,,,,,,,,,,,,,,,,,,,,,,,,,,,,,,http://www.chipdb.org/img-ibm-6x86mx-pr233-6x86mx-avapr233gc-83-mhz-bus-714.htm,,,,,,,,,,,,,,,,,,,,,,,,,,,,,,,,,,,,,,,,,,,,,,,,
IBM,6x86,6x86MX-AVXPR150GA,,,,,,,,,,CPU,6x86MX,,,,,,,,,,,,,,,,,,,,,,,,,,,,,,,,,,,,,,,NA,NA,NA,NA,,,,,,,,,,,,,,,,,,,,,,,,,,,,,,,,,,,,,,,,,,,,,,,,,,,,,,,,,,,,,,,,,,,,,http://www.chipdb.org/img-ibm-6x86mx-pr150-6x86mx-avxpr150ga-5297.htm,,,,,,,,,,,,,,,,,,,,,,,,,,,,,,,,,,,,,,,,,,,,,,,,
IBM,6x86,6x86MX-BVAPR200GB,,,,,,,,,,CPU,6x86MX,,,,,,,1,,,,,,32,64,32,,,,166MHz (200MHz rated),66MHz,,,2.5,,,,,,,,,,64KiB,,External 256KiB - 1MiB,,,,NA,NA,NA,NA,4GiB,,64TiB,,,,,Staggered CPGA-296,49.6 x 49.6 x 7 mm^3,,Socket 7,6M,0.35um,,,CMOS,197mm^2,,,,,,,,,,2.9V,3.3V,,,12.1W,20.2W,,0 - 70C,,,,,,,,x86-32,,,,x86,,,,,Integrated,,,,,,,30-May-97,,,,,,,,,,,http://www.cpupages.com/store/index.php?id_item=351,,,,,,,,,,,,,,,,,,,,,,,,,,,,,,,,,,,,,,,,,,,,,,,,
IBM,6x86,6x86MX-BVAPR200GC,,,,,,,,,,CPU,6x86MX,,,,,,,1,,,,,,32,64,32,,,,166MHz (200MHz rated),66MHz,,,2,,,,,,,,,,64KiB,,External 256KiB - 1MiB,,,,NA,NA,NA,NA,4GiB,,64TiB,,,,,Staggered CPGA-296,49.6 x 49.6 x 7 mm^3,,Socket 7,6M,0.3um,,,CMOS,156mm^2,,,,,,,,,,2.9V,3.3V,,,11.5W,19.2W,,0 - 70C,,,,,,,,x86-32,,,,x86,,,,,Integrated,,,,,,,2Q 1998,,,,,,,,,,,http://www.silirium.ru/ibm-6x86mx.html,http://www.cpupages.com/store/index.php?id_item=352,,,,,,,,,,,,,,,,,,,,,,,,,,,,,,,,,,,,,,,,,,,,,,,
IBM,6x86,6x86MX-BVAPR200GD,,,,,,,,,,CPU,6x86MX,,,,,,,,,,,,,,,,,,,,,,,,,,,,,,,,,,,,,,,NA,NA,NA,NA,,,,,,,,,,,,,,,,,,,,,,,,,,,,,,,,,,,,,,,,,,,,,,,,,,,,,,,,,,,,,,,,,,,,,http://www.chipdb.org/img-ibm-6x86mx-pr200-6x86mx-bvapr200gd-711.htm,,,,,,,,,,,,,,,,,,,,,,,,,,,,,,,,,,,,,,,,,,,,,,,,
IBM,6x86,6x86MX-BVAPR200GE,,,,,,,,,,CPU,6x86MX,,,,,,,1,,,,,,32,64,32,,,,166MHz (200MHz rated),66MHz,,,2.5,,,,,,,,,,,,External,,,,NA,NA,NA,NA,4GiB,,64TiB,,,,,Staggered CPGA-296,49.6 x 49.6 x 7 mm^3,,Socket 7,,,,,CMOS,,,,,,,,,,,2.9V,3.3V,,,,,,0 - 70C,,,,,,,,x86-32,,,,x86,,,,,Integrated,,,,,,,,,,,,,,,,,,http://www.silirium.ru/ibm-6x86mx.html,http://www.cpupages.com/store/index.php?id_item=352,,,,,,,,,,,,,,,,,,,,,,,,,,,,,,,,,,,,,,,,,,,,,,,
IBM,6x86,6x86MX-BVAPR233GC (75MHz 2.9V),,,,,,,,,,CPU,6x86MX,,,,,,,1,,,,,,32,64,32,,,,188MHz (233MHz rated),75MHz,,,2.5,,,,,,,,,,,,External,,,,NA,NA,NA,NA,4GiB,,64TiB,,,,,Staggered CPGA-296,49.6 x 49.6 x 7 mm^3,,Socket 7,,,,,CMOS,,,,,,,,,,,2.9V,3.3V,,,,,,0 - 70C,,,,,,,,x86-32,,,,x86,,,,,Integrated,,,,,,,,,,,,,,,,,,http://www.cpu-world.com/CPUs/6x86/IBM-6x86MX-BVAPR233GC%20%2875MHz%202.9V%29.html,http://www.cpupages.com/store/index.php?id_item=353,,,,,,,,,,,,,,,,,,,,,,,,,,,,,,,,,,,,,,,,,,,,,,,
IBM,6x86,6x86MX-BVAPR233GE,,,,,,,,,,CPU,6x86MX,,,,,,,1,,,,,,32,64,32,,,,187.5MHz (233MHz rated),75MHz,,,,,,,,,,,,,64KiB,,External 256KiB - 1MiB,,,,NA,NA,NA,NA,4GiB,,64TiB,,,,,Staggered CPGA-296,49.6 x 49.6 x 7 mm^3,,Socket 7,6M,0.3um,,,CMOS,156mm^2,,,,,,,,,,2.9V,3.3V,,,13.1W,21.8W,,0 - 70C,,,,,,,,x86-32,,,,x86,,,,,Integrated,,,,,,,2Q 1998,,,,,,,,,,,http://www.cpupages.com/store/index.php?id_item=353,http://www.cpupages.com/store/index.php?id_item=355,,,,,,,,,,,,,,,,,,,,,,,,,,,,,,,,,,,,,,,,,,,,,,,
IBM,6x86,6x86MX-BVAPR233GF,,,,,,,,,,CPU,6x86MX,,,,,,,,,,,,,,,,,,,,,,,,,,,,,,,,,,,,,,,NA,NA,NA,NA,,,,,,,,,,,,,,,,,,,,,,,,,,,,,,,,,,,,,,,,,,,,,,,,,,,,,,,,,,,,,,,,,,,,,http://www.chipdb.org/img-ibm-6x86mx-pr233-6x86mx-bvapr233gf-715.htm,,,,,,,,,,,,,,,,,,,,,,,,,,,,,,,,,,,,,,,,,,,,,,,,
IBM,6x86,6x86MX-BVAPR266GD,,,,,,,,,,CPU,6x86MX,,,,,,,1,,,,,,32,64,32,,,,208MHz (266MHz rated),83MHz,,,2.5,,,,,,,,,,64KiB,,External 256KiB - 1MiB,,,,NA,NA,NA,NA,4GiB,,64TiB,,,,,Staggered CPGA-296,49.6 x 49.6 x 7 mm^3,,Socket 7,6M,0.35um,,,CMOS,197mm^2,,,,,,,,,,2.9V,3.3V,,,,,,0 - 70C,,,,,,,,x86-32,,,,x86,,,,,Integrated,,,,,,,19 March 1998,,,,,,,,,,,http://www.cpupages.com/store/index.php?id_item=357,,,,,,,,,,,,,,,,,,,,,,,,,,,,,,,,,,,,,,,,,,,,,,,,
IBM,6x86,6x86MX-BVAPR266GE (83 MHz 2.9V),,,,,,,,,,CPU,6x86MX,,,,,,,1,,,,,,32,64,32,,,,208MHz (266MHz rated),83MHz,,,2.5,,,,,,,,,,64KiB,,External 256KiB - 1MiB,,,,NA,NA,NA,NA,4GiB,,64TiB,,,,,Staggered CPGA-296,49.6 x 49.6 x 7 mm^3,,Socket 7,6M,0.3um,,,CMOS,156mm^2,,,,,,,,,,2.9V,3.3V,,,13.8W,23W,,0 - 70C,,,,,,,,x86-32,,,,x86,,,,,Integrated,,,,,,,2Q 1998,,,,,,,,,,,http://www.cpu-world.com/CPUs/6x86/IBM-6x86MX-BVAPR266GE%20%2883%20MHz%202.9V%29.html,http://www.cpupages.com/store/index.php?id_item=358,,,,,,,,,,,,,,,,,,,,,,,,,,,,,,,,,,,,,,,,,,,,,,,
IBM,6x86,6x86MX-BVAPR266GF,,,,,,,,,,CPU,6x86MX,,,,,,,1,,,,,,32,64,32,,,,208MHz (266MHz rated),83MHz,,,2.5,,,,,,,,,,64KiB,,External 256KiB - 1MiB,,,,NA,NA,NA,NA,4GiB,,64TiB,,,,,Staggered CPGA-296,49.6 x 49.6 x 7 mm^3,,Socket 7,6M,0.25um,,,CMOS,119mm^2,,,,,,,,,,2.9V,3.3V,,,,,,0 - 70C,,,,,,,,x86-32,,,,x86,,,,,Integrated,,,,,,,2Q 1998,,,,,,,,,,,http://www.cpupages.com/store/index.php?id_item=359,,,,,,,,,,,,,,,,,,,,,,,,,,,,,,,,,,,,,,,,,,,,,,,,
IBM,6x86,6x86MX-BVAPR266HF,,,,,,,,,,CPU,6x86MX,,,,,,,1,,,,,,32,64,32,,,,208MHz (266MHz rated),83MHz,,,2.5,,,,,,,,,,64KiB,,External 256KiB - 1MiB,,,,NA,NA,NA,NA,4GiB,,64TiB,,,,,Staggered CPGA-296,49.6 x 49.6 x 7 mm^3,,Socket 7,6M,0.25um,,,CMOS,119mm^2,,,,,,,,,,2.9V,3.3V,,,,,,0 - 70C,,,,,,,,x86-32,,,,x86,,,,,Integrated,,,,,,,2Q 1998,,,,,,,,,,,http://www.cpupages.com/store/index.php?id_item=360,,,,,,,,,,,,,,,,,,,,,,,,,,,,,,,,,,,,,,,,,,,,,,,,
IBM,6x86,6x86MX-CVAPR233GE,,,,,,,,,,CPU,6x86MX,,,,,,,1,,,,,,32,64,32,,,,200MHz (233MHz rated),66MHz,,,3,,,,,,,,,,64KiB,,External 256KiB - 1MiB,,,,NA,NA,NA,NA,4GiB,,64TiB,,,,,Staggered CPGA-296,49.6 x 49.6 x 7 mm^3,,Socket 7,6M,0.3um,,,CMOS,156mm^2,,,,,,,,,,2.9V,3.3V,,,13.5W,22.3W,,0 - 70C,,,,,,,,x86-32,,,,x86,,,,,Integrated,,,,,,,2Q 1998,,,,,,,,,,,http://www.cpupages.com/store/index.php?id_item=355,,,,,,,,,,,,,,,,,,,,,,,,,,,,,,,,,,,,,,,,,,,,,,,,
IBM,6x86,6x86MX-CVAPR233GF,,,,,,,,,,CPU,6x86MX,,,,,,,1,,,,,,32,64,32,,,,188MHz (233MHz rated),66MHz,,,,,,,,,,,,,64KiB,,External 256KiB - 1MiB,,,,NA,NA,NA,NA,4GiB,,64TiB,,,,,Staggered CPGA-296,49.6 x 49.6 x 7 mm^3,,Socket 7,6M,0.25um,,,CMOS,119mm^2,,,,,,,,,,2.9V,3.3V,,,,,,0 - 70C,,,,,,,,x86-32,,,,x86,,,,,Integrated,,,,,,,2Q 1998,,,,,,,,,,,http://www.silirium.ru/ibm-6x86mx.html,http://www.cpupages.com/store/index.php?id_item=355,,,,,,,,,,,,,,,,,,,,,,,,,,,,,,,,,,,,,,,,,,,,,,,
IBM,6x86,6x86MX-CVAPR233HF,,,,,,,,,,CPU,6x86MX,,,,,,,1,,,,,,32,64,32,,,,188MHz (233MHz rated),66MHz,,,2.5,,,,,,,,,,64KiB,,External 256KiB - 1MiB,,,,NA,NA,NA,NA,4GiB,,64TiB,,,,,Staggered CPGA-296,49.6 x 49.6 x 7 mm^3,,Socket 7,6M,0.25um,,,CMOS,119mm^2,,,,,,,,,,2.9V,3.3V,,,,,,0 - 70C,,,,,,,,x86-32,,,,x86,,,,,Integrated,,,,,,,2Q 1998,,,,,,,,,,,http://www.cpu-collection.de/?tn=0&l0=co&l1=IBM&l2=6x86,http://www.cpupages.com/store/index.php?id_item=356,,,,,,,,,,,,,,,,,,,,,,,,,,,,,,,,,,,,,,,,,,,,,,,
IBM,6x86,6x86MX-CVAPR300GF (75MHz 2.9V),,,,,,,,,,CPU,6x86MX,,,,,,,1,,,,,,32,64,32,,,,225MHz (300MHz rated),75MHz,,,3,,,,,,,,,,64KiB,,External 256KiB - 1MiB,,,,NA,NA,NA,NA,4GiB,,64TiB,,,,,Staggered CPGA-296,49.6 x 49.6 x 7 mm^3,,Socket 7,6M,0.25um,,,CMOS,119mm^2,,,,,,,,,,2.9V,3.3V,,,,,,0 - 70C,,,,,,,,x86-32,,,,x86,,,,,Integrated,,,,,,,19 March 1998,,,,,,,,,,,http://www.cpu-world.com/CPUs/6x86/IBM-6x86MX-CVAPR300GF%20%2875%20MHz%202.9V%29.html,http://www.cpupages.com/store/index.php?id_item=361,,,,,,,,,,,,,,,,,,,,,,,,,,,,,,,,,,,,,,,,,,,,,,,
IBM,6x86,6x86MX-CVAPR300HF,,,,,,,,,,CPU,6x86MX,,,,,,,1,,,,,,32,64,32,,,,225MHz (300MHz rated),75MHz,,,3,,,,,,,,,,64KiB,,External 256KiB - 1MiB,,,,NA,NA,NA,NA,4GiB,,64TiB,,,,,Staggered CPGA-296,49.6 x 49.6 x 7 mm^3,,Socket 7,6M,0.25um,,,CMOS,119mm^2,,,,,,,,,,2.9V,3.3V,,,12.5W,20.7W,,0 - 70C,,,,,,,,x86-32,,,,x86,,,,,Integrated,,,,,,,19 March 1998,,,,,,,,,,,http://www.cpupages.com/store/index.php?id_item=362,,,,,,,,,,,,,,,,,,,,,,,,,,,,,,,,,,,,,,,,,,,,,,,,
IBM,6x86,6x86MX-CVAPR333HF,,,,,,,,,,CPU,6x86MX,,,,,,,1,,,,,,32,64,32,,,,250MHz (333MHz rated),83MHz,,,3,,,,,,,,,,64KiB,,External 256KiB - 1MiB,,,,NA,NA,NA,NA,4GiB,,64TiB,,,,,,49.6 x 49.6 x 7 mm^3,,Socket 7,6M,0.25um,,,CMOS,119mm^2,,,,,,,,,,2.9V,3.3V,,,14W,23.3W,,0 - 70C,,,,,,,,x86-32,,,,x86,,,,,Integrated,,,,,,,19 March 1998,,,,,,,,,,,http://www.cpupages.com/store/index.php?id_item=365,,,,,,,,,,,,,,,,,,,,,,,,,,,,,,,,,,,,,,,,,,,,,,,,
IBM,6x86,6x86MX-DVAPR300GF (66MHz 2.9V),,,,,,,,,,CPU,6x86MX,,,,,,,1,,,,,,32,64,32,,,,233MHz (300MHz rated),66MHz,,,3.5,,,,,,,,,,64KiB,,External 256KiB - 1MiB,,,,NA,NA,NA,NA,4GiB,,64TiB,,,,,Staggered CPGA-296,49.6 x 49.6 x 7 mm^3,,Socket 7,6M,0.25um,,,CMOS,119mm^2,,,,,,,,,,2.9V,3.3V,,,12.5W,20.7W,,0 - 70C,,,,,,,,x86-32,,,,x86,,,,,Integrated,,,,,,,19 March 1998,,,,,,,,,,,http://www.cpu-world.com/CPUs/6x86/IBM-6x86MX-DVAPR300GF%20%2866%20MHz%202.9V%29.html,,,,,,,,,,,,,,,,,,,,,,,,,,,,,,,,,,,,,,,,,,,,,,,,
IBM,6x86,6x86MX-DVAPR300HF (66 MHz 2.9V FCPGA),,,,,,,,,,CPU,6x86MX,,,,,,,1,,,,,,32,64,32,,,,233MHz (300MHz rated),66MHz,,,3.5,,,,,,,,,,64KiB,,External 256KiB - 1MiB,,,,NA,NA,NA,NA,4GiB,,64TiB,,,,,FC-CPGA-296,49.6 x 49.6 x 7 mm^3,,Socket 7,6M,0.25um,,,CMOS,119mm^2,,,,,,,,,,2.9V,3.3V,,,13W,21.3W,,0 - 70C,,,,,,,,x86-32,,,,x86,,,,,Integrated,,,,,,,19 March 1998,,,,,,,,,,,http://www.cpu-world.com/CPUs/6x86/IBM-6x86MX-DVAPR300HF%20%2866%20MHz%202.9V%20FCPGA%29.html,http://www.cpupages.com/store/index.php?id_item=363,,,,,,,,,,,,,,,,,,,,,,,,,,,,,,,,,,,,,,,,,,,,,,,
IBM,6x86,6x86MX-DVAPR333HF,,,,,,,,,,CPU,6x86MX,,,,,,,,,,,,,,,,,,,,,,,,,,,,,,,,,,,,,,,NA,NA,NA,NA,,,,,,,,,,,,,,,,,,,,,,,,,,,,,,,,,,,,,,,,,,,,,,,,,,,,,,,,,,,,,,,,,,,,,http://www.chipdb.org/img-ibm-6x86mx-pr333-6x86mx-dvapr333hf-7306.htm,,,,,,,,,,,,,,,,,,,,,,,,,,,,,,,,,,,,,,,,,,,,,,,,
IBM,6x86,M1 6x86 SAMPLE 2.4,,,,,,,,,,CPU,,,,,,,,,,,,,,,,,,,,,,,,,,,,,,,,,,,,,,,,NA,NA,NA,NA,,,,,,,,,,,,,,,,,,,,,,,,,,,,,,,,,,,,,,,,,,,,,,,,,,,,,,,,,,,,,,,,,,,,,http://www.chipdb.org/img-ibm-m1-6x86-sample-2.4-6196.htm,,,,,,,,,,,,,,,,,,,,,,,,,,,,,,,,,,,,,,,,,,,,,,,,
IBM,6x86,M1 6x86 SAMPLE 2.5,,,,,,,,,,CPU,,,,,,,,,,,,,,,,,,,,,,,,,,,,,,,,,,,,,,,,NA,NA,NA,NA,,,,,,,,,,,,,,,,,,,,,,,,,,,,,,,,,,,,,,,,,,,,,,,,,,,,,,,,,,,,,,,,,,,,,http://www.chipdb.org/img-ibm-m1-6x86-sample-2.5-5819.htm,,,,,,,,,,,,,,,,,,,,,,,,,,,,,,,,,,,,,,,,,,,,,,,,
IBM,POWER1,63F7366,,,,,,,,,,CPU,,,,,,,,,,,,,,,,,,,,,,,,,,,,,,,,,,,,,,,,NA,NA,NA,NA,,,,,,,,,,,,,,,,,,,,,,,,,,,,,,,,,,,,,,,,,,,,,,,,,,,,,,,,,,,,,,,,,,,,,http://www.cpumuseum.com/Show.php?Manufacturer=IBM,,,,,,,,,,,,,,,,,,,,,,,,,,,,,,,,,,,,,,,,,,,,,,,,
IBM,POWER2,03H6015,,,,,,,,,,CPU,,,,,,,,,,,,,,,,,,,,,,,,,,,,,,,,,,,,,,,,NA,NA,NA,NA,,,,,,,,,,,,,,,,,,,,,,,,,,,,,,,,,,,,,,,,,,,,,,,,,,,,,,,,,,,,,,,,,,,,,http://www.cpu-world.com/forum/viewtopic.php?t=6527,,,,,,,,,,,,,,,,,,,,,,,,,,,,,,,,,,,,,,,,,,,,,,,,
IBM,POWER2,03H5433,,,,,,,,,,CPU,,,,,,,,,,,,,,,,,,,,,,,,,,,,,,,,,,,,,,,,NA,NA,NA,NA,,,,,,,,,,,,,,,,,,,,,,,,,,,,,,,,,,,,,,,,,,,,,,,,,,,,,,,,,,,,,,,,,,,,,http://gecko54000.free.fr/index.php?folder=/IBM/POWER%20Family/POWER2/XXX%20MHz/,,,,,,,,,,,,,,,,,,,,,,,,,,,,,,,,,,,,,,,,,,,,,,,,
IBM,POWER3,06K6005,,,,,,,,,,CPU,POWER3-II,,,,,,,,,,,,,64,64,,,,,400MHz,100MHz,,,4,,,,,,64KiB,,32KiB,,none,NA,External 1MiB - 16MiB,,,,NA,NA,NA,NA,256GiB,,,,,,,CCGA-1576,,,NA,23M,0.22um,6,Cu,,163mm^2,,,,,,,,,,,,,,28W,36W,,,,,,,,,,,,,,POWER,,,,,Integrated,,,,,,,1999,,,,,,,,,,,http://www.cpupages.com/store/index.php?id_item=1730,,,,,,,,,,,,,,,,,,,,,,,,,,,,,,,,,,,,,,,,,,,,,,,,
IBM,POWER3,06K6007,,,,,,,,,,CPU,POWER3-II,,,,,,,,,,,,,,,,,,,333MHz,,,,,,,,,,64KiB,,32KiB,,none,NA,External 8MiB max,,,,NA,NA,NA,NA,,,,,,,,CLGA-1678,,,,23M,0.22um,,,CMOS,,,,,,,,,,,,,,,,,,,,,,,,,,,,,,POWER,,,,,,,,,,,,2001,,,,,,,,,,,http://www.silirium.ru/ibm-power3.html,,,,,,,,,,,,,,,,,,,,,,,,,,,,,,,,,,,,,,,,,,,,,,,,
IBM,POWER3,06K7865,,,,,,,,,,CPU,POWER3-II,,,,,,,,,,,,,64,64,,,,,450MHz,100MHz,,,4.5,,,,,,64KiB,,32KiB,,none,NA,External 1MiB - 16MiB,,,,NA,NA,NA,NA,256GiB,,,,,,,CCGA-1576,,,NA,23M,0.22um,6,Cu,,163mm^2,,,,,,,,,,,,,,,,,,,,,,,,,,,,,POWER,,,,,Integrated,,,,,,,1999,,,,,,,,,,,http://www.cpupages.com/store/index.php?id_item=1731,http://gecko54000.free.fr/index.php?folder=/IBM/POWER%20Family/POWER3-II/450%20MHz/,,,,,,,,,,,,,,,,,,,,,,,,,,,,,,,,,,,,,,,,,,,,,,,
IBM,POWER3,09K4328,,,,,,,,,,CPU,,,,,,,,,,,,,,,,,,,,,,,,,,,,,,,,,,,,,,,,NA,NA,NA,NA,,,,,,,,,,,,,,,,,,,,,,,,,,,,,,,,,,,,,,,,,,,,,,,,,,,,,,,,,,,,,,,,,,,,,http://www.cpu-world.com/forum/viewtopic.php?t=14972,,,,,,,,,,,,,,,,,,,,,,,,,,,,,,,,,,,,,,,,,,,,,,,,
IBM,POWER3,09K4329,,,,,,,,,,CPU,POWER3-II,,,,,,,,,,,,,,,,,,,375MHz,,,,,,,,,,64KiB,,32KiB,,none,NA,External 8MiB max,,,,NA,NA,NA,NA,,,,,,,,CLGA-1678,,,,23M,0.22um,,,CMOS,,,,,,,,,,,,,,,,,,,,,,,,,,,,,,POWER,,,,,,,,,,,,2001,,,,,,,,,,,http://www.silirium.ru/ibm-power3.html,,,,,,,,,,,,,,,,,,,,,,,,,,,,,,,,,,,,,,,,,,,,,,,,
IBM,POWER3,09K4330,,,,,,,,,,CPU,POWER3-II,,,,,,,,,,,,,,,,,,,333MHz,,,,,,,,,,64KiB,,32KiB,,none,NA,External 8MiB max,,,,NA,NA,NA,NA,,,,,,,,CLGA-1678,,,,23M,0.22um,,,CMOS,,,,,,,,,,,,,,,,,,,,,,,,,,,,,,POWER,,,,,,,,,,,,2001,,,,,,,,,,,http://www.silirium.ru/ibm-power3.html,,,,,,,,,,,,,,,,,,,,,,,,,,,,,,,,,,,,,,,,,,,,,,,,
IBM,POWER4,70P7733,,,,,,,,,,CPU,POWER4+,,,,,,,2,,,,,,,,,,,,1.2GHz,,,,,,,,,,,,,,,,,,External 32MiB,,NA,NA,NA,NA,,,,,,,,,,,,,,,,,,,,,,,,,,,,,,,,,,,,,,,,,,,,,,,,,,,,,,,,,,,,,,,,,,,,,http://www.cpushack.com/2011/01/24/ibms-server-processors-the-rs64-and-the-power/,,,,,,,,,,,,,,,,,,,,,,,,,,,,,,,,,,,,,,,,,,,,,,,,
IBM,POWER5,42R3678,,,,,,,,,,CPU,POWER5+,,,,,,,,,,,,,64,64,,,,,2.1GHz,,,,,,,,,,32KiB,,64KiB,,none,NA,1.875MB,,External 36MiB,,NA,NA,NA,NA,256GiB,,,,,,,CCGA-2577,52.3 x 52.3 x 8 mm^3,,NA,276M,90nm,8,Cu,CMOS-SOI,243mm^2,,,,,,,,,,,,,,,,,,,,,,,,,,,,,POWER,,,,,Integrated,,,,,,,14 Feb 2006,,,,,,,,,,,http://www.cpupages.com/store/index.php?id_item=1732,,,,,,,,,,,,,,,,,,,,,,,,,,,,,,,,,,,,,,,,,,,,,,,,
IBM,POWER5,21K1681,,,,,,,,,,CPU,,,,,,,,,,,,,,,,,,,,1.65GHz,,,,,,,,,,,,,,,,,,,,NA,NA,NA,NA,,,,,,,,,,,,,,,,,,,,,,,,,,,,,,,,,,,,,,,,,,,,,,,,,,,,,,,,,,,,,,,,,,,,,http://www.cpushack.com/2011/01/24/ibms-server-processors-the-rs64-and-the-power/,,,,,,,,,,,,,,,,,,,,,,,,,,,,,,,,,,,,,,,,,,,,,,,,
IBM,POWER3,29L4526,,,,,,,,,,CPU,,,,,,,,,,,,,,,,,,,,,,,,,,,,,,,,,,,,,,,,NA,NA,NA,NA,,,,,,,,,,,,,,,,,,,,,,,,,,,,,,,,,,,,,,,,,,,,,,,,,,,,,,,,,,,,,,,,,,,,,http://www.cpumuseum.com/sale1010/sale.html,,,,,,,,,,,,,,,,,,,,,,,,,,,,,,,,,,,,,,,,,,,,,,,,
IBM,PowerPC 400,PPC401GF-MC50C2,,,,,,,,,,CPU,PowerPC 401,,,,,,,1,,,,,,32,32,32b shared with data bus,,,,50MHz,25MHz,,,2,,,,,,1KiB,2-way set associative,2KiB,2-way set associative,none,NA,none,NA,none,NA,NA,NA,NA,NA,,,,,,,,TQFP-80,14 x 14 x 1.7 mm^3,,NA,,0.5um,3,,CMOS,4.5mm^2,,,,,3.14-3.47V,3.3V,,,,3.3V,3/5V,,520uW (deep sleep),200mW,300mW,,0 - 85C,,,,,,,,,,,,PowerPC,,,,,,"Clock generator, Power manager, interrupt controller, JTAG, bus control unit, timer",,,,,,,,,,,,,,,,,"Datasheet: IBM, “PowerPC 401GF 32-Bit RISC Embedded Controller”, 1998","Datasheet: IBM, “PowerPC 401GF Embedded Controller”, 1997",,,,,,,,,,,,,,,,,,,,,,,,,,,,,,,,,,,,,,,,,,,,,,,
IBM,PowerPC 400,PPC403GA-JA25C1,,,,,,,,,,CPU,PowerPC 403,,,,,,,1,,,,,,32,,,,,,25MHz,,,,,,,,,,1KiB,2-way set associative,2KiB,2-way set associative,none,NA,none,NA,none,NA,NA,NA,NA,NA,,,,,,,,PQFP-80,,,NA,,0.5um,,,CMOS,,,,,,,,,,,3.3V,,,,,,,,,,,,,,,,,,,PowerPC,,,,,,"DRAM controller, DMA controller, serial, interrupt controller, timer",,,,,,,,,,,,,,,,,"Product sheet: IBM, “IBM PowerPC 405 Embedded Processors”, http://www.datasheets.org.uk/DSA0026718-datasheet.html Accessed: 13 Dec 2012",,,,,,,,,,,,,,,,,,,,,,,,,,,,,,,,,,,,,,,,,,,,,,,,
IBM,PowerPC 400,PPC403GA-JC33C1,,,,,,,,,,CPU,PowerPC 403,,,,,,,1,,,,,,32,,,,,,33MHz,,,,,,,,,,1KiB,2-way set associative,2KiB,2-way set associative,none,NA,none,NA,none,NA,NA,NA,NA,NA,,,,,,,,PQFP-80,,,NA,,0.5um,,,CMOS,,,,,,,,,,,3.3V,,,,,,,,,,,,,,,,,,,PowerPC,,,,,,"DRAM controller, DMA controller, serial, interrupt controller, timer",,,,,,,,,,,,,,,,,"Product sheet: IBM, “IBM PowerPC 405 Embedded Processors”, http://www.datasheets.org.uk/DSA0026718-datasheet.html Accessed: 13 Dec 2012",,,,,,,,,,,,,,,,,,,,,,,,,,,,,,,,,,,,,,,,,,,,,,,,
IBM,PowerPC 400,PPC403GA-JC40C1,,,,,,,,,,CPU,PowerPC 403,,,,,,,1,,,,,,32,,,,,,40MHz,,,,,,,,,,1KiB,2-way set associative,2KiB,2-way set associative,none,NA,none,NA,none,NA,NA,NA,NA,NA,,,,,,,,PQFP-80,,,NA,,0.5um,,,CMOS,,,,,,,,,,,3.3V,,,,,,,,,,,,,,,,,,,PowerPC,,,,,,"DRAM controller, DMA controller, serial, interrupt controller, timer",,,,,,,,,,,,,,,,,"Product sheet: IBM, “IBM PowerPC 405 Embedded Processors”, http://www.datasheets.org.uk/DSA0026718-datasheet.html Accessed: 13 Dec 2012",,,,,,,,,,,,,,,,,,,,,,,,,,,,,,,,,,,,,,,,,,,,,,,,
IBM,PowerPC 400,PPC403GB-KA28C-1,,,,,,,,,,CPU,PowerPC 403,,,,,,,1,,,,,,32,,,,,,28MHz,,,,,,,,,,1KiB,2-way set associative,2KiB,2-way set associative,none,NA,,,none,NA,NA,NA,NA,NA,,,,,,,,TQFP-128,,,NA,,0.5um,,,CMOS,,,,,,,,,,,3.3V,,,,,,,,,,,,,,,,,,,PowerPC,,,,,,"DRAM controller, DMA controller, interrupt controller, timer",,,,,,,,,,,,,,,,,"Product sheet: IBM, “IBM PowerPC 405 Embedded Processors”, http://www.datasheets.org.uk/DSA0026718-datasheet.html Accessed: 13 Dec 2012",,,,,,,,,,,,,,,,,,,,,,,,,,,,,,,,,,,,,,,,,,,,,,,,
IBM,PowerPC 400,PPC403GC-JA25C1,,,,,,,,,,CPU,PowerPC 403,,,,,,,1,,,,,,32,,,,,,25MHz,,,,,,,,,,1KiB,2-way set associative,2KiB,2-way set associative,none,NA,,,none,NA,NA,NA,NA,NA,,,,,,,,PQFP-160,31 x 31 x 4 mm^3,,NA,,0.5um,,,CMOS,,,,,,,,,,,3.3V,,,,,,,,,,,,,,,,,,,PowerPC,,,,,,"MMU, DRAM controller, DMA controller, serial, interrupt controller, timer",,,,,,,,,,,,,,,,,"Product sheet: IBM, “IBM PowerPC 405 Embedded Processors”, http://www.datasheets.org.uk/DSA0026718-datasheet.html Accessed: 13 Dec 2012",,,,,,,,,,,,,,,,,,,,,,,,,,,,,,,,,,,,,,,,,,,,,,,,
IBM,PowerPC 400,PPC403GC-JA33C1,,,,,,,,,,CPU,PowerPC 403,,,,,,,1,,,,,,32,,,,,,33MHz,33MHz,,,,,,,,,1KiB,2-way set associative,2KiB,2-way set associative,none,NA,External,,none,NA,NA,NA,NA,NA,,,,,,,,PQFP-160,31 x 31 x 4 mm^3,,NA,,0.5um,,,CMOS,,,,,,,,,,,3.3V,,,,,,,0 - 85C,,,,,,,,,,,,PowerPC,,,,,,"MMU, DRAM controller, DMA controller, serial, interrupt controller, timer",,,,,,4Q 1995,,,,,,,,,,,http://www.cpupages.com/store/index.php?id_item=722,http://www.cpu-collection.de/?tn=0&l0=co&l1=IBM&l2=PowerPC,"Product sheet: IBM, “IBM PowerPC 405 Embedded Processors”, http://www.datasheets.org.uk/DSA0026718-datasheet.html Accessed: 13 Dec 2012",,,,,,,,,,,,,,,,,,,,,,,,,,,,,,,,,,,,,,,,,,,,,,
IBM,PowerPC 400,PPC403GC-JA40C1,,,,,,,,,,CPU,PowerPC 403,,,,,,,1,,,,,,32,,,,,,40MHz,,,,,,,,,,1KiB,2-way set associative,2KiB,2-way set associative,none,NA,,,none,NA,NA,NA,NA,NA,,,,,,,,PQFP-160,31 x 31 x 4 mm^3,,NA,,0.5um,,,CMOS,,,,,,,,,,,3.3V,,,,,,,,,,,,,,,,,,,PowerPC,,,,,,"MMU, DRAM controller, DMA controller, serial, interrupt controller, timer",,,,,,,,,,,,,,,,,"Product sheet: IBM, “IBM PowerPC 405 Embedded Processors”, http://www.datasheets.org.uk/DSA0026718-datasheet.html Accessed: 13 Dec 2012",,,,,,,,,,,,,,,,,,,,,,,,,,,,,,,,,,,,,,,,,,,,,,,,
IBM,PowerPC 400,PPC403GCX-JA66C2-A,,,,,,,,,,CPU,PowerPC 403,,,,,,,1,,,,,,32,,,,,,66MHz,,,,,,,,,,8KiB,,16KiB,,,,,,,,NA,NA,NA,NA,,,,,,,,,,,,,0.45um,,,CMOS,,,,,,,,,,,3.3V,,,,,,,,,,,,,,,,,,,PowerPC,,,,,,"MMU, DRAM controller, DMA controller, serial, interrupt controller, timer",,,,,,,,,,,,,,,,,,,,,,,,,,,,,,,,,,,,,,,,,,,,,,,,,,,,,,,,,,,,,,,,,
IBM,PowerPC 400,PPC405GP-3BE200C,,,,,,,,,,CPU,PowerPC 405,,,,,,,1,,,,,,32,,,,,,,,,,,,,,,,8KiB,,16KiB,,,,,,,,NA,NA,NA,NA,,,,,,,,,,,,,,,,,,,,,,,,,,,,,,,,,,,,,,,,,,,,,,PowerPC,,,,,,,,,,,,,,,,,,,,,,,http://www.chipdb.org/img-ibm-powerpc-ppc405gp-3be200c-6311.htm,,,,,,,,,,,,,,,,,,,,,,,,,,,,,,,,,,,,,,,,,,,,,,,,
IBM,PowerPC 600,26H3494,,,,,,,,,,CPU,PowerPC 604,,,,,,,1,,,,,,32,,,,,,132MHz,44MHz,,,,,,,,,16KiB,,16KiB,,none,NA,External,,none,NA,NA,NA,NA,NA,4GiB,,,,,,,CBGA-255,21 x 21 x 2.5mm^3,,NA,3.6M,0.5um,,,,203mm^2,,,,,,,,,,3.3V,5V,,,,,,,,,,,,,,,,,,PowerPC,,,,,Integrated,,,,,,,1993,,,,,,,,,,,http://www.cpupages.com/store/index.php?id_item=316,,,,,,,,,,,,,,,,,,,,,,,,,,,,,,,,,,,,,,,,,,,,,,,,
IBM,PowerPC 600,EMPPC603e2BB200F,IBM25EMPPC603e2BB200F,,,,,,,,,CPU,PowerPC 603,,,,,,,1,,,,,,32,,,,,,200MHz,16 - 66MHz,,,,,,,,,16KiB,4-way set-associative,16KiB,4-way set-associative,none,NA,External,,none,NA,NA,NA,NA,NA,4GiB,,4PiB,,,,,FC-CBGA-255,20.9 x 20.9 x 2mm^3,,NA,2.6M,0.35um,5,,CMOS,78.75mm^2,,,,,,,,,,2.5V,3.3V,,0.12W (nap mode),4W,5W,,0 - 105C,,"Dynamic power management mode, Doze mode, Nap mode, Sleep mode",,,,,,,,,,PowerPC,,,,,Integrated,,,,,,,,,,,,,,,,,,http://www.cpu-world.com/CPUs/PowerPC-603/IBM-EMPPC603e2BB200F%20-%20IBM25EMPPC603e2BB200F.html,,,,,,,,,,,,,,,,,,,,,,,,,,,,,,,,,,,,,,,,,,,,,,,,
IBM,PowerPC 600,EMPPC603e2BB200K,IBM25EMPPC603e2BB200K,,,,,,,,,CPU,PowerPC 603,,,,,,,1,,,,,,32,,,,,,200MHz,16 - 66MHz,,,,,,,,,16KiB,4-way set-associative,16KiB,4-way set-associative,none,NA,External,,none,NA,NA,NA,NA,NA,4GiB,,4PiB,,,,,FC-CBGA-255,20.9 x 20.9 x 2mm^3,,NA,2.6M,0.35um,5,,CMOS,78.75mm^2,,,,,,,,,,2.5V,3.3V,,0.12W (nap mode),4W,5W,,0 - 105C,,"Dynamic power management mode, Doze mode, Nap mode, Sleep mode",,,,,,,,,,PowerPC,,,,,Integrated,,,,,,,,,,,,,,,,,,http://www.cpu-world.com/CPUs/PowerPC-603/IBM-EMPPC603e2BB200K%20-%20IBM25EMPPC603e2BB200K.html,,,,,,,,,,,,,,,,,,,,,,,,,,,,,,,,,,,,,,,,,,,,,,,,
IBM,PowerPC 600,EMPPC603eBC-166,IBM25EMPPC603eBC-166,,,,,,,,,CPU,PowerPC 603,,,,,,,1,,,,,,32,,,,,150MHz,166MHz,16 - 66MHz,,,,,,,,,16KiB,4-way set-associative,16KiB,4-way set-associative,none,NA,External,,none,NA,NA,NA,NA,NA,4GiB,,4PiB,,,,,FC-CBGA-255,20.9 x 20.9 x 2mm^3,,NA,2.6M,0.35um,5,,CMOS,78.75mm^2,,,,,,,,,,2.5V,3.3V,,0.08W (nap mode),3.2W,4W,,0 - 105C,,"Dynamic power management mode, Doze mode, Nap mode, Sleep mode",,,,,,,,,,PowerPC,,,,,Integrated,,,,,,,,,,,,,,,,,,http://www.cpu-world.com/CPUs/PowerPC-603/IBM-EMPPC603eBC-166%20-%20IBM25EMPPC603eBC-166.html,,,,,,,,,,,,,,,,,,,,,,,,,,,,,,,,,,,,,,,,,,,,,,,,
IBM,PowerPC 600,EMPPC603eBC-166F,,,,,,,,,,CPU,PowerPC 603,,,,,,,1,,,,,,32,,,,,150MHz,166MHz,16 - 66MHz,,,,,,,,,16KiB,4-way set-associative,16KiB,4-way set-associative,none,NA,External,,none,NA,NA,NA,NA,NA,4GiB,,4PiB,,,,,FC-CBGA-255,20.9 x 20.9 x 2mm^3,,NA,2.6M,0.35um,5,,CMOS,78.75mm^2,,,,,,,,,,2.5V,3.3V,,0.08W (nap mode),3.2W,4W,,0 - 105C,,"Dynamic power management mode, Doze mode, Nap mode, Sleep mode",,,,,,,,,,PowerPC,,,,,Integrated,,,,,,,1995,,,,,,,,,,,http://www.cpupages.com/store/index.php?id_item=1304,http://www.cpu-world.com/CPUs/PowerPC-603/IBM-EMPPC603eBC-166F%20-%20IBM25EMPPC603eBC-166F.html,,,,,,,,,,,,,,,,,,,,,,,,,,,,,,,,,,,,,,,,,,,,,,,
IBM,PowerPC 600,EMPPC603eBE-100,IBM25EMPPC603eBE-100,,,,,,,,,CPU,PowerPC 603,,,,,,,1,,,,,,32,,,,,,100MHz,16 - 66MHz,,,,,,,,,16KiB,4-way set-associative,16KiB,4-way set-associative,none,NA,,,,,NA,NA,NA,NA,4GiB,,4PiB,,,,,CBGA-255,21 x 21 mm^2,,NA,2.6M,0.5um,4,,CMOS,98.03mm^2,,,,,,,,,,3.3V,3.3V,,0.08W (nap mode),3.2W,4W,,0 - 105C,,"Dynamic power management mode, Doze mode, Nap mode, Sleep mode",,,,,,,,,,PowerPC,,,,,,,,,,,,,,,,,,,,,,,http://www.cpu-world.com/CPUs/PowerPC-603/IBM-EMPPC603eBE-100%20-%20IBM25EMPPC603eBE-100.html,,,,,,,,,,,,,,,,,,,,,,,,,,,,,,,,,,,,,,,,,,,,,,,,
IBM,PowerPC 600,EMPPC603eBG-100,IBM25EMPPC603eBG-100,,,,,,,,,CPU,PowerPC 603,,,,,,,1,,,,,,32,,,,,,100MHz,16 - 66MHz,,,,,,,,,16KiB,4-way set-associative,16KiB,4-way set-associative,none,NA,,,,,NA,NA,NA,NA,4GiB,,4PiB,,,,,CBGA-255,21 x 21 mm^2,,NA,2.6M,0.5um,4,,CMOS,98.03mm^2,,,,,,,,,,3.3V,3.3V,,0.08W (nap mode),3.2W,4W,,0 - 105C,,"Dynamic power management mode, Doze mode, Nap mode, Sleep mode",,,,,,,,,,PowerPC,,,,,,,,,,,,,,,,,,,,,,,http://www.cpu-world.com/CPUs/PowerPC-603/IBM-EMPPC603eBG-100%20-%20IBM25EMPPC603eBG-100.html,,,,,,,,,,,,,,,,,,,,,,,,,,,,,,,,,,,,,,,,,,,,,,,,
IBM,PowerPC 600,EMPPC603eFE-100,IBM25EMPPC603eFE-100,,,,,,,,,CPU,PowerPC 603,,,,,,,1,,,,,,32,,,,,,100MHz,,,,,,,,,,,,,,,,,,,,NA,NA,NA,NA,,,,,,,,,,,,,,,,,,,,,,,,,,,,,,,,,,,,,,,,,,,,,,PowerPC,,,,,,,,,,,,,,,,,,,,,,,http://www.cpu-world.com/CPUs/PowerPC-603/IBM-EMPPC603eFE-100%20-%20IBM25EMPPC603eFE-100.html,,,,,,,,,,,,,,,,,,,,,,,,,,,,,,,,,,,,,,,,,,,,,,,,
IBM,PowerPC 600,EMPPC603eFG-100,IBM25EMPPC603eFG-100,,,,,,,,,CPU,PowerPC 603,,,,,,,1,,,,,,32,,,,,,100MHz,16 - 66MHz,,,,,,,,,16KiB,4-way set-associative,16KiB,4-way set-associative,none,NA,,,,,NA,NA,NA,NA,4GiB,,4PiB,,,,,PQFP-240,32 x 32 mm^2,,NA,2.6M,0.5um,4,,CMOS,98.03mm^2,,,,,,,,,,3.3V,3.3V,,0.08W (nap mode),3.2W,4W,,0 - 105C,,"Dynamic power management mode, Doze mode, Nap mode, Sleep mode",,,,,,,,,,PowerPC,,,,,,,,,,,,,,,,,,,,,,,http://www.cpu-world.com/CPUs/PowerPC-603/IBM-EMPPC603eFG-100%20-%20IBM25EMPPC603eFG-100.html,,,,,,,,,,,,,,,,,,,,,,,,,,,,,,,,,,,,,,,,,,,,,,,,
IBM,PowerPC 600,EMPPC603ePG-100F,IBM25EMPPC603ePG-100F,,,,,,,,,CPU,PowerPC 603,,,,,,,1,,,,,,32,,,,,,100MHz,16 - 66MHz,,,,,,,,,16KiB,4-way set-associative,16KiB,4-way set-associative,none,NA,,,,,NA,NA,NA,NA,4GiB,,4PiB,,,,,PQFP-240,32 x 32 mm^2,,NA,2.6M,0.5um,4,,CMOS,98.03mm^2,,,,,,,,,,3.3V,3.3V,,0.08W (nap mode),3.2W,4W,,0 - 105C,,"Dynamic power management mode, Doze mode, Nap mode, Sleep mode",,,,,,,,,,PowerPC,,,,,,,,,,,,,,,,,,,,,,,http://www.cpu-world.com/CPUs/PowerPC-603/IBM-EMPPC603ePG-100F%20-%20IBM25EMPPC603ePG-100F.html,,,,,,,,,,,,,,,,,,,,,,,,,,,,,,,,,,,,,,,,,,,,,,,,
IBM,PowerPC 600,PPC601FA66-1PQ,,,,,,,,,,CPU,PowerPC 601,,,,,,,1,,,,,,32,,,,,,66MHz,,,,,,,,,,,,,,,,,,,,NA,NA,NA,NA,,,,,,,,,,,,,,,,,,,,,,,,,,,,,,,,,,,,,,,,,,,,,,PowerPC,,,,,,,,,,,,,,,,,,,,,,,http://www.chipdb.org/img-ibm-powerpc-ppc601-fa66-1pq-729.htm,,,,,,,,,,,,,,,,,,,,,,,,,,,,,,,,,,,,,,,,,,,,,,,,
IBM,PowerPC 600,PPC601FD-066-1,,,,,,,,,,CPU,PowerPC 601,,,,,,,1,,,,,,32,,,,,,66MHz,,,,,,,,,,,,,,,,,,,,NA,NA,NA,NA,,,,,,,,,,,,,,,,,,,,,,,,,,,,,,,,,,,,,,,,,,,,,,PowerPC,,,,,,,,,,,,,,,,,,,,,,,http://www.chipdb.org/img-ibm-powerpc-ppc601fd-066-1-5128.htm,,,,,,,,,,,,,,,,,,,,,,,,,,,,,,,,,,,,,,,,,,,,,,,,
IBM,PowerPC 600,PPC601FD-080-2,,,,,,,,,,CPU,PowerPC 601,,,,,,,1,,,,,,32,64,,,,,80MHz,40MHz,,,2,,,,,,,,,,,,,,,,NA,NA,NA,NA,,,,,,,,CQFP-304,,,NA,,,,,,,,,,,,,,,,,,,,,,,,,,,,,,,,,,,PowerPC,,,,,,,,,,,,,,,,,,,,,,,http://www.cpu-collection.de/?tn=0&l0=co&l1=IBM&l2=PowerPC,,,,,,,,,,,,,,,,,,,,,,,,,,,,,,,,,,,,,,,,,,,,,,,,
IBM,PowerPC 600,PPC601FD66-1PQ,,,,,,,,,,CPU,PowerPC 601,,,,,,,1,,,,,,32,,,,,,66MHz,,,,,,,,,,,,,,,,,,,,NA,NA,NA,NA,,,,,,,,,,,,,,,,,,,,,,,,,,,,,,,,,,,,,,,,,,,,,,PowerPC,,,,,,,,,,,,,,,,,,,,,,,http://www.happytrees.org/chips?page=chip&manufacturer=IBM&part=PPC601_FD66_1PQ,,,,,,,,,,,,,,,,,,,,,,,,,,,,,,,,,,,,,,,,,,,,,,,,
IBM,PowerPC 600,PPC601FD80-2PQ,,,,,,,,,,CPU,PowerPC 601,,,,,,,1,,,,,,32,,,,,,80MHz,,,,,,,,,,,,,,,,,,,,NA,NA,NA,NA,,,,,,,,,,,,,,,,,,,,,,,,,,,,,,,,,,,,,,,,,,,,,,PowerPC,,,,,,,,,,,,,,,,,,,,,,,http://www.chipdb.org/img-ibm-powerpc-601-ppc601-fd80-2pq-6242.htm,,,,,,,,,,,,,,,,,,,,,,,,,,,,,,,,,,,,,,,,,,,,,,,,
IBM,PowerPC 600,PPC601FDA-066-2,,,,,,,,,,CPU,PowerPC 601,,,,,,,1,,,,,,32,,,,,,66MHz,,,,,,,,,,,,,,,,,,,,NA,NA,NA,NA,,,,,,,,,,,,,,,,,,,,,,,,,,,,,,,,,,,,,,,,,,,,,,PowerPC,,,,,,,,,,,,,,,,,,,,,,,http://www.chipdb.org/img-ibm-powerpc-ppc601fda-066-2-730.htm,http://www.hinnavaatlus.ee/products/Kollektsioneerimine/Vanad+protsessorid/45031/,http://cpucollection.ca/PPC.htm,,,,,,,,,,,,,,,,,,,,,,,,,,,,,,,,,,,,,,,,,,,,,,
IBM,PowerPC 600,PPC601V5FC1002,PPC601v5FC1002,,,,,,,,,CPU,PowerPC 601,,,,,,,1,,,,,,32,,,,,,,,,,,,,,,,,,,,,,,,,,NA,NA,NA,NA,,,,,,,,,,,,,,,,,,,,,,,,,,,,,,,,,,,,,,,,,,,,,,PowerPC,,,,,,,,,,,,,,,,,,,,,,,http://www.cpu-collection.de/?tn=0&l0=co&l1=IBM&l2=PowerPC,,,,,,,,,,,,,,,,,,,,,,,,,,,,,,,,,,,,,,,,,,,,,,,,
IBM,PowerPC 600,PPC602-FX-080,,,,,,,,,,CPU,PowerPC 602,,,,,,,1,,,,,,32,,,,,,80MHz,,,,,,,,,,,,,,,,,,,,NA,NA,NA,NA,,,,,,,,,,,,,,,,,,,,,,,,,,,,,,,,,,,,,,,,,,,,,,PowerPC,,,,,,,,,,,,,,,,,,,,,,,,,,,,,,,,,,,,,,,,,,,,,,,,,,,,,,,,,,,,,,,,,,,,,,,
IBM,PowerPC 600,PPC603e2BA225r,,,,,,,,,,CPU,PowerPC 603,,,,,,,1,,,,,,32,,,,,,225MHz,,,,,,,,,,,,,,,,,,,,NA,NA,NA,NA,,,,,,,,,,,,,,,,,,,,,,,,,,,,,,,,,,,,,,,,,,,,,,PowerPC,,,,,,,,,,,,,,,,,,,,,,,http://www.chipdb.org/img-ibm-powerpc-ppc603e2ba225r-7212.htm,,,,,,,,,,,,,,,,,,,,,,,,,,,,,,,,,,,,,,,,,,,,,,,,
IBM,PowerPC 600,PPC603e2BA240r,,,,,,,,,,CPU,PowerPC 603,,,,,,,1,,,,,,32,,,,,,240MHz,60MHz,,,4,,,,,,,,,,,,,,,,NA,NA,NA,NA,,,,,,,,,,,,,,,,,,,,,,,,,,,,,,,,,,,,,,,,,,,,,,PowerPC,,,,,,,,,,,,,,,,,,,,,,,http://www.cpu-collection.de/?tn=0&l0=co&l1=IBM&l2=PowerPC,,,,,,,,,,,,,,,,,,,,,,,,,,,,,,,,,,,,,,,,,,,,,,,,
IBM,PowerPC 600,PPC603e2BB225r,,,,,,,,,,,,,,,,,,,,,,,,,,,,,,,,,,,,,,,,,,,,,,,,,,,,,,,,,,,,,,,,,,,,,,,,,,,,,,,,,,,,,,,,,,,,,,,,,,,,,,,,,,,,,,,,,,,,,,,,,,http://www.happytrees.org/chips?page=chip&manufacturer=IBM&part=PPC603e2BB225r_,,,,,,,,,,,,,,,,,,,,,,,,,,,,,,,,,,,,,,,,,,,,,,,,
IBM,PowerPC 600,PPC603eFCa100BPQ,,,,,,,,,,CPU,PowerPC 603,,,,,,,1,,,,,,32,,,,,,,,,,,,,,,,,,,,,,,,,,NA,NA,NA,NA,,,,,,,,,,,,,,,,,,,,,,,,,,,,,,,,,,,,,,,,,,,,,,PowerPC,,,,,,,,,,,,,,,,,,,,,,,http://www.chipdb.org/img-ibm-powerpc-ppc603efca100bpq-3953.htm,,,,,,,,,,,,,,,,,,,,,,,,,,,,,,,,,,,,,,,,,,,,,,,,
IBM,PowerPC 600,PPC603eFE117,,,,,,,,,,CPU,PowerPC 603,,,,,,,1,,,,,,32,,,,,,,,,,,,,,,,,,,,,,,,,,NA,NA,NA,NA,,,,,,,,,,,,,,,,,,,,,,,,,,,,,,,,,,,,,,,,,,,,,,PowerPC,,,,,,,,,,,,,,,,,,,,,,,http://chipdb.org/img-ibm-powerpc-ppc603efe117-3954.htm,,,,,,,,,,,,,,,,,,,,,,,,,,,,,,,,,,,,,,,,,,,,,,,,
IBM,PowerPC 600,PPC603eFEu120r3,,,,,,,,,,CPU,PowerPC 603,,,,,,,1,,,,,,32,,,,,,120MHz,,,,,,,,,,,,,,,,,,,,NA,NA,NA,NA,,,,,,,,,,,,,,,,,,,,,,,,,,,,,,,,,,,,,,,,,,,,,,PowerPC,,,,,,,,,,,,,,,,,,,,,,,http://www.chipdb.org/img-ibm-powerpc-ppc603efeu120r3-3943.htm,,,,,,,,,,,,,,,,,,,,,,,,,,,,,,,,,,,,,,,,,,,,,,,,
IBM,PowerPC 600,PPC603evBB160r,,,,,,,,,,CPU,PowerPC 603,,,,,,,1,,,,,,32,32/64,,,,125MHz,166MHz,25 - 66MHz,,,,,,,,,16KiB,4-way set-associative,16KiB,4-way set-associative,none,NA,,,none,NA,NA,NA,NA,NA,4GiB,,4PiB,,,,,CBGA-255,21 x 21 mm^2,,NA,2.6M,0.35um,5,,CMOS,78.75mm^2,,,,,2.5V ± 5%,,,,,3.3V,5V,,0.075W (nap mode),2.9W,3.8W,,0 - 105C,,"Dynamic power management mode, Doze mode, Nap mode, Sleep mode",,,,,,,,,,PowerPC,,,,,Integrated,,,,,,,,,,,,,,,,,,http://www.cpu-world.com/CPUs/PowerPC-603/IBM-PPC603evBB160r.html,,,,,,,,,,,,,,,,,,,,,,,,,,,,,,,,,,,,,,,,,,,,,,,,
IBM,PowerPC 600,PPC603evBB180r,,,,,,,,,,CPU,PowerPC 603,,,,,,,1,,,,,,32,32/64,,,,125MHz,180MHz,25 - 66MHz,,,,,,,,,16KiB,4-way set-associative,16KiB,4-way set-associative,none,NA,,,none,NA,NA,NA,NA,NA,4GiB,,4PiB,,,,,CBGA-255,21 x 21 mm^2,,NA,2.6M,0.35um,5,,CMOS,78.75mm^2,,,,,2.5V ± 5%,,,,,3.3V,5V,,0.075W (nap mode),2.9W,3.8W,,0 - 105C,,"Dynamic power management mode, Doze mode, Nap mode, Sleep mode",,,,,,,,,,PowerPC,,,,,Integrated,,,,,,,,,,,,,,,,,,http://www.cpu-world.com/CPUs/PowerPC-603/IBM-PPC603evBB180r.html,,,,,,,,,,,,,,,,,,,,,,,,,,,,,,,,,,,,,,,,,,,,,,,,
IBM,PowerPC 600,PPC603evBB200r,,,,,,,,,,CPU,PowerPC 603,,,,,,,1,,,,,,32,32/64,,,,125MHz,200MHz,25 - 66MHz,,,,,,,,,16KiB,4-way set-associative,16KiB,4-way set-associative,none,NA,,,none,NA,NA,NA,NA,NA,4GiB,,4PiB,,,,,CBGA-255,21 x 21 mm^2,,NA,2.6M,0.35um,5,,CMOS,78.75mm^2,,,,,2.5V ± 5%,,,,,3.3V,5V,,0.075W (nap mode),2.9W,3.8W,,0 - 105C,,"Dynamic power management mode, Doze mode, Nap mode, Sleep mode",,,,,,,,,,PowerPC,,,,,Integrated,,,,,,,,,,,,,,,,,,http://www.cpu-collection.de/?tn=0&l0=co&l1=IBM&l2=PowerPC,http://www.cpu-world.com/CPUs/PowerPC-603/IBM-PPC603evBB200r.html,,,,,,,,,,,,,,,,,,,,,,,,,,,,,,,,,,,,,,,,,,,,,,,
IBM,PowerPC 600,PPC603evBC166s,,,,,,,,,,CPU,PowerPC 603,,,,,,,1,,,,,,32,,,,,,166MHz,,,,,,,,,,,,,,,,,,,,NA,NA,NA,NA,,,,,,,,,,,,,,,,,,,,,,,,,,,,,,,,,,,,,,,,,,,,,,PowerPC,,,,,,,,,,,,,,,,,,,,,,,http://cpucollection.ca/PPC.htm,,,,,,,,,,,,,,,,,,,,,,,,,,,,,,,,,,,,,,,,,,,,,,,,
IBM,PowerPC 600,PPC603evFB160r,,,,,,,,,,CPU,PowerPC 603,,,,,,,1,,,,,,32,32/64,,,,125MHz,160MHz,25 - 66MHz,,,,,,,,,16KiB,4-way set-associative,16KiB,4-way set-associative,none,NA,,,none,NA,NA,NA,NA,NA,4GiB,,4PiB,,,,,CQFP-240,32 x 32 mm^2,,NA,2.6M,0.35um,5,,CMOS,78.75mm^2,,,,,2.5V ± 5%,,,,,3.3V,5V,,0.075W (nap mode),2.9W,3.8W,,0 - 105C,,"Dynamic power management mode, Doze mode, Nap mode, Sleep mode",,,,,,,,,,PowerPC,,,,,Integrated,,,,,,,,,,,,,,,,,,http://www.cpu-world.com/CPUs/PowerPC-603/IBM-PPC603evFB160r.html,,,,,,,,,,,,,,,,,,,,,,,,,,,,,,,,,,,,,,,,,,,,,,,,
IBM,PowerPC 600,PPC603evFB180r,,,,,,,,,,CPU,PowerPC 603,,,,,,,1,,,,,,32,32/64,,,,125MHz,180MHz,25 - 66MHz,,,,,,,,,16KiB,4-way set-associative,16KiB,4-way set-associative,none,NA,,,none,NA,NA,NA,NA,NA,4GiB,,4PiB,,,,,CQFP-240,32 x 32 mm^2,,NA,2.6M,0.35um,5,,CMOS,78.75mm^2,,,,,2.5V ± 5%,,,,,3.3V,5V,,0.1W (nap mode),3.5W,4.5W,,0 - 105C,,"Dynamic power management mode, Doze mode, Nap mode, Sleep mode",,,,,,,,,,PowerPC,,,,,Integrated,,,,,,,,,,,,,,,,,,http://www.cpu-collection.de/?tn=0&l0=co&l1=IBM&l2=PowerPC,http://www.cpu-world.com/CPUs/PowerPC-603/IBM-PPC603evFB180r.html,,,,,,,,,,,,,,,,,,,,,,,,,,,,,,,,,,,,,,,,,,,,,,,
IBM,PowerPC 600,PPC603evFB200r,,,,,,,,,,CPU,PowerPC 603,,,,,,,1,,,,,,32,32/64,,,,125MHz,200MHz,25 - 66MHz,,,8 - 3,,,,,,16KiB,4-way set-associative,16KiB,4-way set-associative,none,NA,External,,none,NA,NA,NA,NA,NA,4GiB,,4PiB,,,,,CQFP-240,32 x 32 mm^2,,NA,2.6M,0.35um,5,,CMOS,78.75mm^2,,,,,2.5V ± 5%,,,,,3.3V,5V,,0.12W (nap mode),4W,5W,,0 - 105C,,"Dynamic power management mode, Doze mode, Nap mode, Sleep mode",,,,,,,,,,PowerPC,,,,,Integrated,,,,,,,1995,,,,,,,,,,,http://www.cpupages.com/store/index.php?id_item=317,http://www.cpu-collection.de/?tn=0&l0=co&l1=IBM&l2=PowerPC,http://www.cpu-world.com/CPUs/PowerPC-603/IBM-PPC603evFB200r.html,,,,,,,,,,,,,,,,,,,,,,,,,,,,,,,,,,,,,,,,,,,,,,
IBM,PowerPC 600,PPC604e-132,,,,,,,,,,CPU,PowerPC 604,,,,,,,1,,,,,,32,,,,,,,,,,,,,,,,,,,,,,,,,,NA,NA,NA,NA,,,,,,,,,,,,,,,,,,,,,,,,,,,,,,,,,,,,,,,,,,,,,,PowerPC,,,,,,,,,,,,,,,,,,,,,,,http://www.cpupages.com/store/index.php?id_item=316,,,,,,,,,,,,,,,,,,,,,,,,,,,,,,,,,,,,,,,,,,,,,,,,
IBM,PowerPC 600,PPC604e2BE200dE,,,,,,,,,,CPU,PowerPC 604,,,,,,,1,,,,,,32,,,,,,200MHz,,,,,,,,,,,,,,,,,,,,NA,NA,NA,NA,,,,,,,,,,,,,,,,,,,,,,,,,,,,,,,,,,,,,,,,,,,,,,PowerPC,,,,,,,,,,,,,,,,,,,,,,,http://www.cpucollection.se/details.php?image_id=711,,,,,,,,,,,,,,,,,,,,,,,,,,,,,,,,,,,,,,,,,,,,,,,,
IBM,PowerPC 600,PPC604e2BE233eE,,,,,,,,,,CPU,PowerPC 604,,,,,,,1,,,,,,32,,,,,,233MHz,,,,,,,,,,,,,,,,,,,,NA,NA,NA,NA,,,,,,,,,,,,,,,,,,,,,,,,,,,,,,,,,,,,,,,,,,,,,,PowerPC,,,,,,,,,,,,,,,,,,,,,,,http://www.cpu-collection.de/?tn=0&l0=co&l1=IBM&l2=PowerPC,,,,,,,,,,,,,,,,,,,,,,,,,,,,,,,,,,,,,,,,,,,,,,,,
IBM,PowerPC 600,PPC604e2BE225dE,,,,,,,,,,,,,,,,,,,,,,,,,,,,,,,,,,,,,,,,,,,,,,,,,,,,,,,,,,,,,,,,,,,,,,,,,,,,,,,,,,,,,,,,,,,,,,,,,,,,,,,,,,,,,,,,,,,,,,,,,,http://www.happytrees.org/chips?page=chip&manufacturer=IBM&part=PPC604e2BE225dE,,,,,,,,,,,,,,,,,,,,,,,,,,,,,,,,,,,,,,,,,,,,,,,,
IBM,PowerPC 600,PPC604e2BE250hE,,,,,,,,,,CPU,PowerPC 604,,,,,,,1,,,,,,32,,,,,,250MHz,,,,,,,,,,,,,,,,,,,,NA,NA,NA,NA,,,,,,,,,,,,,,,,,,,,,,,,,,,,,,,,,,,,,,,,,,,,,,PowerPC,,,,,,,,,,,,,,,,,,,,,,,http://www.chipdb.org/img-ibm-powerpc-604-ppc604e2be250he-6345.htm,,,,,,,,,,,,,,,,,,,,,,,,,,,,,,,,,,,,,,,,,,,,,,,,
IBM,PowerPC 600,PPC604e2BX-200-X ,,,,,,,,,,CPU,PowerPC 604,,,,,,,1,,,,,,32,,,,,,200MHz,,,,,,,,,,,,,,,,,,,,NA,NA,NA,NA,,,,,,,,,,,,,,,,,,,,,,,,,,,,,,,,,,,,,,,,,,,,,,PowerPC,,,,,,,,,,,,,,,,,,,,,,,,,,,,,,,,,,,,,,,,,,,,,,,,,,,,,,,,,,,,,,,,,,,,,,,
IBM,PowerPC 600,PPC604e2BX-225-X ,,,,,,,,,,CPU,PowerPC 604,,,,,,,1,,,,,,32,,,,,,225MHz,,,,,,,,,,,,,,,,,,,,NA,NA,NA,NA,,,,,,,,,,,,,,,,,,,,,,,,,,,,,,,,,,,,,,,,,,,,,,PowerPC,,,,,,,,,,,,,,,,,,,,,,,,,,,,,,,,,,,,,,,,,,,,,,,,,,,,,,,,,,,,,,,,,,,,,,,
IBM,PowerPC 600,PPC604e2BX-233-X ,,,,,,,,,,CPU,PowerPC 604,,,,,,,1,,,,,,32,,,,,,233MHz,,,,,,,,,,,,,,,,,,,,NA,NA,NA,NA,,,,,,,,,,,,,,,,,,,,,,,,,,,,,,,,,,,,,,,,,,,,,,PowerPC,,,,,,,,,,,,,,,,,,,,,,,,,,,,,,,,,,,,,,,,,,,,,,,,,,,,,,,,,,,,,,,,,,,,,,,
IBM,PowerPC 600,PPC604e2PE200dE,,,,,,,,,,CPU,PowerPC 604,,,,,,,1,,,,,,32,,,,,,200MHz,,,,,,,,,,,,,,,,,,,,NA,NA,NA,NA,,,,,,,,,,,,,,,,,,,,,,,,,,,,,,,,,,,,,,,,,,,,,,PowerPC,,,,,,,,,,,,,,,,,,,,,,,http://www.chipdb.org/img-ibm-powerpc-ppc604e2pe200de-3195.htm,,,,,,,,,,,,,,,,,,,,,,,,,,,,,,,,,,,,,,,,,,,,,,,,
IBM,PowerPC 600,PPC604e2PE233dE,,,,,,,,,,CPU,PowerPC 604,,,,,,,1,,,,,,32,,,,,,233MHz,,,,,,,,,,,,,,,,,,,,NA,NA,NA,NA,,,,,,,,,,,,,,,,,,,,,,,,,,,,,,,,,,,,,,,,,,,,,,PowerPC,,,,,,,,,,,,,,,,,,,,,,,http://www.cpu-collection.de/?tn=0&l0=co&l1=IBM&l2=PowerPC,,,,,,,,,,,,,,,,,,,,,,,,,,,,,,,,,,,,,,,,,,,,,,,,
IBM,PowerPC 600,PPC604e2PX-200-X ,,,,,,,,,,CPU,PowerPC 604,,,,,,,1,,,,,,32,,,,,,200MHz,,,,,,,,,,,,,,,,,,,,NA,NA,NA,NA,,,,,,,,,,,,,,,,,,,,,,,,,,,,,,,,,,,,,,,,,,,,,,PowerPC,,,,,,,,,,,,,,,,,,,,,,,,,,,,,,,,,,,,,,,,,,,,,,,,,,,,,,,,,,,,,,,,,,,,,,,
IBM,PowerPC 600,PPC604e2PX-225-X ,,,,,,,,,,CPU,PowerPC 604,,,,,,,1,,,,,,32,,,,,,225MHz,,,,,,,,,,,,,,,,,,,,NA,NA,NA,NA,,,,,,,,,,,,,,,,,,,,,,,,,,,,,,,,,,,,,,,,,,,,,,PowerPC,,,,,,,,,,,,,,,,,,,,,,,,,,,,,,,,,,,,,,,,,,,,,,,,,,,,,,,,,,,,,,,,,,,,,,,
IBM,PowerPC 600,PPC604e2PX-233-X ,,,,,,,,,,CPU,PowerPC 604,,,,,,,1,,,,,,32,,,,,,233MHz,,,,,,,,,,,,,,,,,,,,NA,NA,NA,NA,,,,,,,,,,,,,,,,,,,,,,,,,,,,,,,,,,,,,,,,,,,,,,PowerPC,,,,,,,,,,,,,,,,,,,,,,,,,,,,,,,,,,,,,,,,,,,,,,,,,,,,,,,,,,,,,,,,,,,,,,,
IBM,PowerPC 600,PPC604e3BBCG4530,,,,,,,,,,CPU,PowerPC 604,,,,,,,1,,,,,,32,,,,,,450MHz ?,100MHz,,,,,,,,,32KiB,,32KiB,,,,,,none,NA,NA,NA,NA,NA,4GiB,,,,,,,CBGA-255,21 x 21 x 2.5mm^3,,NA,5.1M,0.25um,,,,47mm^2,,,,,,,,,,2V,3.3V,,,,,,0 - 85C,,,,,,,,,,,,PowerPC,,,,,Integrated,,,,,,,1997,,,,,,,,,,,http://www.cpupages.com/store/index.php?id_item=1717,,,,,,,,,,,,,,,,,,,,,,,,,,,,,,,,,,,,,,,,,,,,,,,,
IBM,PowerPC 600,PPC604e3DBCG333E,,,,,,,,,,CPU,PowerPC 604,,,,,,,1,,,,,,32,,,,,,,,,,,,,,,,,,,,,,,,,,NA,NA,NA,NA,,,,,,,,,,,,,,,,,,,,,,,,,,,,,,,,,,,,,,,,,,,,,,PowerPC,,,,,,,,,,,,,,,,,,,,,,,http://cpuscollection.free.fr/powerpc604/page2-en.html,,,,,,,,,,,,,,,,,,,,,,,,,,,,,,,,,,,,,,,,,,,,,,,,
IBM,PowerPC 600,PPC604e3DBCG339E,,,,,,,,,,CPU,PowerPC 604,,,,,,,1,,,,,,32,,,,,,,,,,,,,,,,,,,,,,,,,,NA,NA,NA,NA,,,,,,,,,,,,,,,,,,,,,,,,,,,,,,,,,,,,,,,,,,,,,,PowerPC,,,,,,,,,,,,,,,,,,,,,,,http://chipdb.org/img-motorola-ppc604e3dbcg339e-4410.htm,,,,,,,,,,,,,,,,,,,,,,,,,,,,,,,,,,,,,,,,,,,,,,,,
IBM,PowerPC 600,PPC604ePC166aC,,,,,,,,,,CPU,PowerPC 604,,,,,,,1,,,,,,32,,,,,,166MHz,,,,,,,,,,,,,,,,,,,,NA,NA,NA,NA,,,,,,,,,,,,,,,,,,,,,,,,,,,,,,,,,,,,,,,,,,,,,,PowerPC,,,,,,,,,,,,,,,,,,,,,,,http://cpuscollection.free.fr/powerpc604/page1-en.html,http://www.oldcpu.cz/CPU/IBM/Power-PC-604/IBM-PPC604ePC166aC/1203,,,,,,,,,,,,,,,,,,,,,,,,,,,,,,,,,,,,,,,,,,,,,,,
IBM,PowerPC 600,PPC604ePC200bE,,,,,,,,,,CPU,PowerPC 604,,,,,,,1,,,,,,32,,,,,,200MHz,,,,,,,,,,,,,,,,,,,,NA,NA,NA,NA,,,,,,,,,,,,,,,,,,,,,,,,,,,,,,,,,,,,,,,,,,,,,,PowerPC,,,,,,,,,,,,,,,,,,,,,,,http://www.oldcpu.cz/CPU/IBM/Power-PC-604/IBM-PPC604ePC200bE/332,,,,,,,,,,,,,,,,,,,,,,,,,,,,,,,,,,,,,,,,,,,,,,,,
IBM,PowerPC 600,PPC604ePCd166aC,,,,,,,,,,CPU,PowerPC 604,,,,,,,1,,,,,,32,,,,,,166MHz,,,,,,,,,,,,,,,,,,,,NA,NA,NA,NA,,,,,,,,,,,,,,,,,,,,,,,,,,,,,,,,,,,,,,,,,,,,,,PowerPC,,,,,,,,,,,,,,,,,,,,,,,http://www.chipdb.org/img-ibm-powerpc-ppc604epcd166ac-754.htm,,,,,,,,,,,,,,,,,,,,,,,,,,,,,,,,,,,,,,,,,,,,,,,,
IBM,PowerPC 600,PPC604FD120C,,,,,,,,,,CPU,PowerPC 604,,,,,,,1,,,,,,32,,,,,,120MHz,,,,,,,,,,,,,,,,,,,,NA,NA,NA,NA,,,,,,,,,,,,,,,,,,,,,,,,,,,,,,,,,,,,,,,,,,,,,,PowerPC,,,,,,,,,,,,,,,,,,,,,,,http://www.chipdb.org/img-ibm-powerpc-604-ppc604fd120c-6356.htm,,,,,,,,,,,,,,,,,,,,,,,,,,,,,,,,,,,,,,,,,,,,,,,,
IBM,PowerPC 600,PPCA601FF-066-1,,,,,,,,,,CPU,PowerPC 601,,,,,,,1,,,,,,32,,,,,,66MHz,,,,,,,,,,none,NA,none,NA,32KiB,8-way set-associative,,,none,NA,NA,NA,NA,NA,4GiB,,,,,,,,,,,2.8M,0.65um,6,Cu,CMOS,121mm^2,,,,,,,,,,,,,,,,,,,,,,,,,,,,,PowerPC,,,,,,,,,,,,,,,,,,,,,,,http://www.happytrees.org/chips?page=chip&manufacturer=IBM&part=PPCA601FF_066_1,"Datasheet: IBM, Motorola, “PowerPC 601 RISC Microprocessor User's Manual”, MPC601UM/AD, 1995","Datasheet: IBM, Motorola, “PowerPC 601 RISC Microprocessor Hardware Specifications”, IBM Order Number: MPR601HSU-03, 1995, http://www.datasheetcatalog.org/datasheet/motorola/MPC601EC.pdf Accessed: 13 Dec 2012",,,,,,,,,,,,,,,,,,,,,,,,,,,,,,,,,,,,,,,,,,,,,,
IBM,PowerPC 600,PPCA601FF-080c-2,,,,,,,,,,CPU,PowerPC 601,,,,,,,1,,,,,,32,,,,,,80MHz,,,,,,,,,,,,,,,,,,,,NA,NA,NA,NA,,,,,,,,,,,,,,,,,,,,,,,,,,,,,,,,,,,,,,,,,,,,,,PowerPC,,,,,,,,,,,,,,,,,,,,,,,,,,,,,,,,,,,,,,,,,,,,,,,,,,,,,,,,,,,,,,,,,,,,,,,
IBM,PowerPC 600,PPCA601FF-090a-2,,,,,,,,,,CPU,PowerPC 601,,,,,,,1,,,,,,32,,,,,,,,,,,,,,,,,,,,,,,,,,NA,NA,NA,NA,,,,,,,,,,,,,,,,,,,,,,,,,,,,,,,,,,,,,,,,,,,,,,PowerPC,,,,,,,,,,,,,,,,,,,,,,,,,,,,,,,,,,,,,,,,,,,,,,,,,,,,,,,,,,,,,,,,,,,,,,,
IBM,PowerPC 600,PPCA601v5FC1002,,,,,,,,,,CPU,PowerPC 601,,,,,,,1,,,,,,32,,,,,,100MHz,50MHz,,,2,,,,,,16KiB,,16KiB,,none,NA,External,,none,NA,NA,NA,NA,NA,4GiB,,,,,,,CQFP-304,43 x 43 x 2.5 mm^2,,NA,2.8M,0.5um,,,,,,,,,,,,,,3.6V,,,,,,,,,,,,,,,,,,,PowerPC,,,,,Integrated,,,,,,,Nov 1994,,,,,,,,,,,http://www.cpupages.com/store/index.php?id_item=319,,,,,,,,,,,,,,,,,,,,,,,,,,,,,,,,,,,,,,,,,,,,,,,,
IBM,PowerPC 600,PPCA601v5FE1002,,,,,,,,,,CPU,PowerPC 601,,,,,,,1,,,,,,32,,,,,,100MHz,50MHz,,,2,,,,,,16KiB,,16KiB,,none,NA,External,,none,NA,NA,NA,NA,NA,4GiB,,,,,,,CQFP-304,43 x 43 x 2.5 mm^2,,NA,2.8M,0.5um,,,,,,,,,,,,,,3.6V,,,,,4W,,,,,,,,,,,,,,PowerPC,,,,,Integrated,,,,,,,Nov 1994,,,,,,,,,,,http://www.cpupages.com/store/index.php?id_item=775,http://www.cpu-collection.de/?tn=0&l0=co&l1=IBM&l2=PowerPC,,,,,,,,,,,,,,,,,,,,,,,,,,,,,,,,,,,,,,,,,,,,,,,
IBM,PowerPC 600,PPCA601v5FE1102,,,,,,,,,,CPU,PowerPC 601,,,,,,,1,,,,,,32,,,,,,110MHz,,,,,,,,,,,,,,,,,,,,NA,NA,NA,NA,,,,,,,,,,,,,,,,,,,,,,,,,,,,,,,,,,,,,,,,,,,,,,PowerPC,,,,,,,,,,,,,,,,,,,,,,,,,,,,,,,,,,,,,,,,,,,,,,,,,,,,,,,,,,,,,,,,,,,,,,,
IBM,PowerPC 600,PPCA601v5FF1202,,,,,,,,,,CPU,PowerPC 601,,,,,,,1,,,,,,32,,,,,,120MHz,,,,,,,,,,,,,,,,,,,,NA,NA,NA,NA,,,,,,,,,,,,,,,,,,,,,,,,,,,,,,,,,,,,,,,,,,,,,,PowerPC,,,,,,,,,,,,,,,,,,,,,,,,,,,,,,,,,,,,,,,,,,,,,,,,,,,,,,,,,,,,,,,,,,,,,,,
IBM,PowerPC 600,PPCA601v5nFC1102,,,,,,,,,,CPU,PowerPC 601,,,,,,,1,,,,,,32,,,,,,110MHz,,,,,,,,,,,,,,,,,,,,NA,NA,NA,NA,,,,,,,,,,,,,,,,,,,,,,,,,,,,,,,,,,,,,,,,,,,,,,PowerPC,,,,,,,,,,,,,,,,,,,,,,,,,,,,,,,,,,,,,,,,,,,,,,,,,,,,,,,,,,,,,,,,,,,,,,,
IBM,PowerPC 600,PPCA601vMFC090d2,,,,,,,,,,CPU,PowerPC 601,,,,,,,1,,,,,,32,,,,,,90MHz,,,,,,,,,,,,,,,,,,,,NA,NA,NA,NA,,,,,,,,,,,,,,,,,,,,,,,,,,,,,,,,,,,,,,,,,,,,,,PowerPC,,,,,,,,,,,,,,,,,,,,,,,,,,,,,,,,,,,,,,,,,,,,,,,,,,,,,,,,,,,,,,,,,,,,,,,
IBM,PowerPC 600,PPCA603EFC1003,,,,,,,,,,CPU,PowerPC 603,,,,,,,1,,,,,,32,,,,,,100MHz,,,,,,,,,,,,,,,,,,,,NA,NA,NA,NA,,,,,,,,,,,,,,,,,,,,,,,,,,,,,,,,,,,,,,,,,,,,,,PowerPC,,,,,,,,,,,,,,,,,,,,,,,,,,,,,,,,,,,,,,,,,,,,,,,,,,,,,,,,,,,,,,,,,,,,,,,
IBM,PowerPC 600,PPCA603eFC100aEPQ,,,,,,,,,,CPU,PowerPC 603,,,,,,,1,,,,,,32,,,,,,100MHz,,,,,,,,,,,,,,,,,,,,NA,NA,NA,NA,,,,,,,,,,,,,,,,,,,,,,,,,,,,,,,,,,,,,,,,,,,,,,PowerPC,,,,,,,,,,,,,,,,,,,,,,,,,,,,,,,,,,,,,,,,,,,,,,,,,,,,,,,,,,,,,,,,,,,,,,,
IBM,PowerPC 600,PPCA603eFC100EPQ,,,,,,,,,,CPU,PowerPC 603,,,,,,,1,,,,,,32,,,,,,,,,,,,,,,,,,,,,,,,,,NA,NA,NA,NA,,,,,,,,,,,,,,,,,,,,,,,,,,,,,,,,,,,,,,,,,,,,,,PowerPC,,,,,,,,,,,,,,,,,,,,,,,,,,,,,,,,,,,,,,,,,,,,,,,,,,,,,,,,,,,,,,,,,,,,,,,
IBM,PowerPC 600,PPCA603eFC117FPQ,,,,,,,,,,CPU,PowerPC 603,,,,,,,1,,,,,,32,,,,,,,,,,,,,,,,,,,,,,,,,,NA,NA,NA,NA,,,,,,,,,,,,,,,,,,,,,,,,,,,,,,,,,,,,,,,,,,,,,,PowerPC,,,,,,,,,,,,,,,,,,,,,,,,,,,,,,,,,,,,,,,,,,,,,,,,,,,,,,,,,,,,,,,,,,,,,,,
IBM,PowerPC 600,PPCA603eFC120PQ,,,,,,,,,,CPU,PowerPC 603,,,,,,,1,,,,,,32,,,,,,120MHz,,,,,,,,,,,,,,,,,,,,NA,NA,NA,NA,,,,,,,,,,,,,,,,,,,,,,,,,,,,,,,,,,,,,,,,,,,,,,PowerPC,,,,,,,,,,,,,,,,,,,,,,,,,,,,,,,,,,,,,,,,,,,,,,,,,,,,,,,,,,,,,,,,,,,,,,,
IBM,PowerPC 600,PPCA603FE0752,,,,,,,,,,CPU,PowerPC 603,,,,,,,1,,,,,,32,,,,,,,,,,,,,,,,,,,,,,,,,,NA,NA,NA,NA,,,,,,,,,,,,,,,,,,,,,,,,,,,,,,,,,,,,,,,,,,,,,,PowerPC,,,,,,,,,,,,,,,,,,,,,,,,,,,,,,,,,,,,,,,,,,,,,,,,,,,,,,,,,,,,,,,,,,,,,,,
IBM,PowerPC 600,PPCA603FE0752PQ,,,,,,,,,,CPU,PowerPC 603,,,,,,,1,,,,,,32,,,,,,,,,,,,,,,,,,,,,,,,,,NA,NA,NA,NA,,,,,,,,,,,,,,,,,,,,,,,,,,,,,,,,,,,,,,,,,,,,,,PowerPC,,,,,,,,,,,,,,,,,,,,,,,,,,,,,,,,,,,,,,,,,,,,,,,,,,,,,,,,,,,,,,,,,,,,,,,
IBM,PowerPC 600,PPCA604BC120C,,,,,,,,,,CPU,PowerPC 604,,,,,,,1,,,,,,32,,,,,,120MHz,,,,,,,,,,,,,,,,,,,,NA,NA,NA,NA,,,,,,,,,,,,,,,,,,,,,,,,,,,,,,,,,,,,,,,,,,,,,,PowerPC,,,,,,,,,,,,,,,,,,,,,,,http://www.cpu-collection.de/?tn=0&l0=co&l1=IBM&l2=PowerPC,,,,,,,,,,,,,,,,,,,,,,,,,,,,,,,,,,,,,,,,,,,,,,,,
IBM,PowerPC 600,PPCA604BC150E,,,,,,,,,,CPU,PowerPC 604,,,,,,,1,,,,,,32,,,,,,150MHz,,,,,,,,,,,,,,,,,,,,NA,NA,NA,NA,,,,,,,,,,,,,,,,,,,,,,,,,,,,,,,,,,,,,,,,,,,,,,PowerPC,,,,,,,,,,,,,,,,,,,,,,,,,,,,,,,,,,,,,,,,,,,,,,,,,,,,,,,,,,,,,,,,,,,,,,,
IBM,PowerPC 600,PPCA604BE133aC,,,,,,,,,,CPU,PowerPC 604,,,,,,,1,,,,,,32,,,,,,133MHz,,,,,,,,,,,,,,,,,,,,NA,NA,NA,NA,,,,,,,,,,,,,,,,,,,,,,,,,,,,,,,,,,,,,,,,,,,,,,PowerPC,,,,,,,,,,,,,,,,,,,,,,,http://www.cpu-collection.de/?tn=0&l0=co&l1=IBM&l2=PowerPC,,,,,,,,,,,,,,,,,,,,,,,,,,,,,,,,,,,,,,,,,,,,,,,,
IBM,PowerPC 600,PPCA604BE133aCPQ,,,,,,,,,,CPU,PowerPC 604,,,,,,,1,,,,,,32,,,,,,133MHz,,,,,,,,,,,,,,,,,,,,NA,NA,NA,NA,,,,,,,,,,,,,,,,,,,,,,,,,,,,,,,,,,,,,,,,,,,,,,PowerPC,,,,,,,,,,,,,,,,,,,,,,,http://www.cpu-collection.de/?tn=0&l0=co&l1=IBM&l2=PowerPC,,,,,,,,,,,,,,,,,,,,,,,,,,,,,,,,,,,,,,,,,,,,,,,,
IBM,PowerPC 600,PPCA604BE150EPQ,,,,,,,,,,CPU,PowerPC 604,,,,,,,1,,,,,,32,,,,,,150MHz,,,,,,,,,,,,,,,,,,,,NA,NA,NA,NA,,,,,,,,,,,,,,,,,,,,,,,,,,,,,,,,,,,,,,,,,,,,,,PowerPC,,,,,,,,,,,,,,,,,,,,,,,,,,,,,,,,,,,,,,,,,,,,,,,,,,,,,,,,,,,,,,,,,,,,,,,
IBM,PowerPC 600,PPCA604FC1202PQ,,,,,,,,,,CPU,PowerPC 604,,,,,,,1,,,,,,32,,,,,,120MHz,,,,,,,,,,,,,,,,,,,,NA,NA,NA,NA,,,,,,,,,,,,,,,,,,,,,,,,,,,,,,,,,,,,,,,,,,,,,,PowerPC,,,,,,,,,,,,,,,,,,,,,,,http://www.cpu-collection.de/?tn=0&l0=co&l1=IBM&l2=PowerPC,,,,,,,,,,,,,,,,,,,,,,,,,,,,,,,,,,,,,,,,,,,,,,,,
IBM,PowerPC 600,PPCC604FE133CPQ,,,,,,,,,,CPU,PowerPC 604,,,,,,,,,,,,,,,,,,,133MHz,,,,,,,,,,,,,,,,,,,,NA,NA,NA,NA,,,,,,,,,,,,,,,,,,,,,,,,,,,,,,,,,,,,,,,,,,,,,,PowerPC,,,,,,,,,,,,,,,,,,,,,,,,,,,,,,,,,,,,,,,,,,,,,,,,,,,,,,,,,,,,,,,,,,,,,,,
IBM,PowerPC 600,PPCI601FFA-080-2,,,,,,,,,,CPU,PowerPC 601,,,,,,,1,,,,,,32,,,,,,80MHz,40MHz,,,2,NA,,,,,16KiB,,16KiB,,none,NA,External,,none,NA,NA,NA,NA,NA,4GiB,,,,,,,CQFP-304,43 x 43 x 2.5 mm^2,,NA,2.8M,0.6um,,,,128mm^2,,,,,,,,,,3.6V,,,,,4W,,,,,,,,,,,,,,PowerPC,,,,,Integrated,,,,,,,1993,,,,,,,,,,,http://www.cpupages.com/store/index.php?id_item=318,,,,,,,,,,,,,,,,,,,,,,,,,,,,,,,,,,,,,,,,,,,,,,,,
IBM,PowerPC 600,XPPC604eBC166aC ,,,,,,,,,,CPU,PowerPC 604,,,,,,,,,,,,,,,,,,,166MHz,,,,,,,,,,,,,,,,,,,,NA,NA,NA,NA,,,,,,,,,,,,,,,,,,,,,,,,,,,,,,,,,,,,,,,,,,,,,,PowerPC,,,,,,,,,,,,,,,,,,,,,,,,,,,,,,,,,,,,,,,,,,,,,,,,,,,,,,,,,,,,,,,,,,,,,,,
IBM,PowerPC 600,XPPC604eBC166aC relabeled,,,,,,,,,,CPU,PowerPC 604,,,,,,,,,,,,,,,,,,,166MHz,,,,,,,,,,,,,,,,,,,,NA,NA,NA,NA,,,,,,,,,,,,,,,,,,,,,,,,,,,,,,,,,,,,,,,,,,,,,,PowerPC,,,,,,,,,,,,,,,,,,,,,,,http://www.cpu-collection.de/?tn=0&l0=co&l1=IBM&l2=PowerPC,,,,,,,,,,,,,,,,,,,,,,,,,,,,,,,,,,,,,,,,,,,,,,,,
IBM,PowerPC 600,XPPC604eBC180bE,,,,,,,,,,CPU,PowerPC 604,,,,,,,,,,,,,,,,,,,180MHz,,,,,,,,,,,,,,,,,,,,NA,NA,NA,NA,,,,,,,,,,,,,,,,,,,,,,,,,,,,,,,,,,,,,,,,,,,,,,PowerPC,,,,,,,,,,,,,,,,,,,,,,,http://www.happytrees.org/chips?page=chip&manufacturer=IBM&part=XPPC604eBC180bE,,,,,,,,,,,,,,,,,,,,,,,,,,,,,,,,,,,,,,,,,,,,,,,,
IBM,PowerPC 700,EMPPC740GBUF1660,,,,,,,,,,CPU,PowerPC 740,,,,,,,,,,,,,,,,,,,,,,,,,,,,,,,,,,,,,,,NA,NA,NA,NA,,,,,,,,,,,,,,,,,,,,,,,,,,,,,,,,,,,,,,,,,,,,,,PowerPC,,,,,,,,,,,,,,,,,,,,,,,,,,,,,,,,,,,,,,,,,,,,,,,,,,,,,,,,,,,,,,,,,,,,,,,
IBM,PowerPC 700,PPC740L-GB300A2,,,,,,,,,,CPU,PowerPC 740,,,,,,,,,,,,,,,,,,,,,,,,,,,,,,,,,,,,,,,NA,NA,NA,NA,,,,,,,,,,,,,,,,,,,,,,,,,,,,,,,,,,,,,,,,,,,,,,PowerPC,,,,,,,,,,,,,,,,,,,,,,,,,,,,,,,,,,,,,,,,,,,,,,,,,,,,,,,,,,,,,,,,,,,,,,,
IBM,PowerPC 700,PPC750-DB0J250,,,,,,,,,,CPU,PowerPC 750,,,,,,,,,,,,,,,,,,,250MHz,,,,,,,,,,,,,,,,,,,,NA,NA,NA,NA,,,,,,,,,,,,,,,,,,,,,,,,,,,,,,,,,,,,,,,,,,,,,,PowerPC,,,,,,,,,,,,,,,,,,,,,,,,,,,,,,,,,,,,,,,,,,,,,,,,,,,,,,,,,,,,,,,,,,,,,,,
IBM,PowerPC 700,PPC750-DB0M233,,,,,,,,,,CPU,PowerPC 750,,,,,,,1,,,,,,32,,,,,,233MHz,66MHz,,,,,,,,,32KiB,,32KiB,,none,NA,External,,none,NA,NA,NA,NA,NA,4GiB,,4EiB,,,,,CBGA-360,,,NA,6.35M,0.25um,5,,,67mm^2,,,,,,,,,,2.6V,3.3V,,0.1W (sleep),5W,7W,,0 - 105C,,,,,,,,,,,,PowerPC,,,,,Integrated,,,,,,,1997,,,,,,,,,,,http://www.cpupages.com/store/index.php?id_item=314,,,,,,,,,,,,,,,,,,,,,,,,,,,,,,,,,,,,,,,,,,,,,,,,
IBM,PowerPC 700,PPC750-DB0M266,,,,,,,,,,CPU,PowerPC 750,,,,,,,1,,,,,,32,,,,,,266MHz,66MHz,,,,,,,,,32KiB,,32KiB,,none,NA,External,,none,NA,NA,NA,NA,NA,4GiB,,4EiB,,,,,CBGA-360,,,NA,6.35M,0.25um,5,,,67mm^2,,,,,,,,,,2.6V,3.3V,,0.1W (sleep),5.7W,7.9W,,0 - 105C,,,,,,,,,,,,PowerPC,,,,,Integrated,,,,,,,1997,,,,,,,,,,,http://www.cpupages.com/store/index.php?id_item=315,,,,,,,,,,,,,,,,,,,,,,,,,,,,,,,,,,,,,,,,,,,,,,,,
IBM,PowerPC 700,PPC750-EB0A400,,,,,,,,,,CPU,PowerPC 750,,,,,,,,,,,,,,,,,,,,,,,,,,,,,,,,,,,,,,,NA,NA,NA,NA,,,,,,,,,,,,,,,,,,,,,,,,,,,,,,,,,,,,,,,,,,,,,,PowerPC,,,,,,,,,,,,,,,,,,,,,,,,,,,,,,,,,,,,,,,,,,,,,,,,,,,,,,,,,,,,,,,,,,,,,,,
IBM,PowerPC 700,PPC750-EB0B220,,,,,,,,,,CPU,PowerPC 750,,,,,,,,,,,,,,,,,,,,,,,,,,,,,,,,,,,,,,,NA,NA,NA,NA,,,,,,,,,,,,,,,,,,,,,,,,,,,,,,,,,,,,,,,,,,,,,,PowerPC,,,,,,,,,,,,,,,,,,,,,,,,,,,,,,,,,,,,,,,,,,,,,,,,,,,,,,,,,,,,,,,,,,,,,,,
IBM,PowerPC 700,PPC750-EB0L233+,,,,,,,,,,CPU,PowerPC 750,,,,,,,,,,,,,,,,,,,233MHz,,,,,,,,,,,,,,,,,,,,NA,NA,NA,NA,,,,,,,,,,,,,,,,,,,,,,,,,,,,,,,,,,,,,,,,,,,,,,PowerPC,,,,,,,,,,,,,,,,,,,,,,,,,,,,,,,,,,,,,,,,,,,,,,,,,,,,,,,,,,,,,,,,,,,,,,,
IBM,PowerPC 700,PPC750-EB0M266,,,,,,,,,,CPU,PowerPC 750,,,,,,,1,,,,,,32,,,,,,266MHz,66MHz,,,,,,,,,32KiB,,32KiB,,none,NA,External,,none,NA,NA,NA,NA,NA,4GiB,,4EiB,,,,,CBGA-360,,,NA,6.35M,0.25um,5,,,67mm^2,,,,,,,,,,2.6V,3.3V,,0.1W (sleep),5.7W,7.9W,,0 - 105C,,,,,,,,,,,,PowerPC,,,,,Integrated,,,,,,,1997,,,,,,,,,,,,,,,,,,,,,,,,,,,,,,,,,,,,,,,,,,,,,,,,,,,,,,,,,,,
IBM,PowerPC 700,PPC750-EB5M300,,,,,,,,,,CPU,PowerPC 750,,,,,,,,,,,,,,,,,,,300MHz,,,,,,,,,,,,,,,,,,,,NA,NA,NA,NA,,,,,,,,,,,,,,,,,,,,,,,,,,,,,,,,,,,,,,,,,,,,,,PowerPC,,,,,,,,,,,,,,,,,,,,,,,http://www.cpu-collection.de/?tn=0&l0=co&l1=IBM&l2=PowerPC,,,,,,,,,,,,,,,,,,,,,,,,,,,,,,,,,,,,,,,,,,,,,,,,
IBM,PowerPC 700,PPC750-EBOB233,,,,,,,,,,CPU,PowerPC 750,,,,,,,,,,,,,,,,,,,233MHz,,,,,,,,,,,,,,,,,,,,NA,NA,NA,NA,,,,,,,,,,,,,,,,,,,,,,,,,,,,,,,,,,,,,,,,,,,,,,PowerPC,,,,,,,,,,,,,,,,,,,,,,,,,,,,,,,,,,,,,,,,,,,,,,,,,,,,,,,,,,,,,,,,,,,,,,,
IBM,PowerPC 700,PPC750-EBOM266,,,,,,,,,,CPU,PowerPC 750,,,,,,,,,,,,,,,,,,,266MHz,,,,,,,,,,,,,,,,,,,,NA,NA,NA,NA,,,,,,,,,,,,,,,,,,,,,,,,,,,,,,,,,,,,,,,,,,,,,,PowerPC,,,,,,,,,,,,,,,,,,,,,,,http://www.cpupages.com/store/index.php?id_item=1718,,,,,,,,,,,,,,,,,,,,,,,,,,,,,,,,,,,,,,,,,,,,,,,,
IBM,PowerPC 700,PPC750FX-680533T,,,,,,,,,,CPU,PowerPC 750,,,,,,,1,,,,,,32,,,,,,533MHz,66MHz,,,8,,,,,,32KiB,,32KiB,,none,NA,,,none,NA,NA,NA,NA,NA,4GiB,,,,,,,CBGA-360,,,,,,,,,,,,,,,,,,,,,,,,,,,,,,,,,,,,,,PowerPC,,,,,Integrated,,,,,,,,,,,,,,,,,,http://www.cpu-collection.de/?tn=0&l0=co&l1=IBM&l2=PowerPC,,,,,,,,,,,,,,,,,,,,,,,,,,,,,,,,,,,,,,,,,,,,,,,,
IBM,PowerPC 700,PPC750FX-GB0133T,,,,,,,,,,CPU,PowerPC 750,,,,,,,1,,,,,,32,,,,,,600MHz,200MHz,,,,,,,,,32KiB,,32KiB,,none,NA,512KiB,,none,NA,NA,NA,NA,NA,4GiB,,4EiB,,,,,CBGA-292,21 x 21 x 2.7mm^3,,NA,38M,0.13um,6,,,34.3mm^2,,,,,1.2 - 1.5V,,,,,1.45V,1.8/2.5/3.3V,,1.4W (sleep),4.6W,8.7W,,-40 - 105C,,,,,,,,,,,,PowerPC,,,,,Integrated,,,,,,,2002,,,,,,,,,,,http://www.cpupages.com/store/index.php?id_item=731,,,,,,,,,,,,,,,,,,,,,,,,,,,,,,,,,,,,,,,,,,,,,,,,
IBM,PowerPC 700,PPC750FX-GB0533T,,,,,,,,,,CPU,PowerPC 750,,,,,,,,,,,,,,,,,,,,,,,,,,,,,,,,,,,,,,,NA,NA,NA,NA,,,,,,,,,,,,,,,,,,,,,,,,,,,,,,,,,,,,,,,,,,,,,,PowerPC,,,,,Integrated,,,,,,,,,,,,,,,,,,,,,,,,,,,,,,,,,,,,,,,,,,,,,,,,,,,,,,,,,,,,,,,,,,
IBM,PowerPC 700,PPC750L-DB0G366,,,,,,,,,,CPU,PowerPC 750,,,,,,,,,,,,,,,,,,,,,,,,,,,,,,,,,,,,,,,NA,NA,NA,NA,,,,,,,,,,,,,,,,,,,,,,,,,,,,,,,,,,,,,,,,,,,,,,PowerPC,,,,,,,,,,,,,,,,,,,,,,,,,,,,,,,,,,,,,,,,,,,,,,,,,,,,,,,,,,,,,,,,,,,,,,,
IBM,PowerPC 700,PPC750L-EB0A450,,,,,,,,,,CPU,PowerPC 750,,,,,,,,,,,,,,,,,,,450MHz,,,,,,,,,,,,,,,,,,,,NA,NA,NA,NA,,,,,,,,,,,,,,,,,,,,,,,,,,,,,,,,,,,,,,,,,,,,,,PowerPC,,,,,,,,,,,,,,,,,,,,,,,http://www.cpu-collection.de/?tn=0&l0=co&l1=IBM&l2=PowerPC,,,,,,,,,,,,,,,,,,,,,,,,,,,,,,,,,,,,,,,,,,,,,,,,
IBM,PowerPC 700,PPC750L-EB0G400,,,,,,,,,,CPU,PowerPC 750,,,,,,,,,,,,,,,,,,,400MHz,,,,,,,,,,,,,,,,,,,,NA,NA,NA,NA,,,,,,,,,,,,,,,,,,,,,,,,,,,,,,,,,,,,,,,,,,,,,,PowerPC,,,,,,,,,,,,,,,,,,,,,,,,,,,,,,,,,,,,,,,,,,,,,,,,,,,,,,,,,,,,,,,,,,,,,,,
IBM,PowerPC 700,PPC750L-EBOA450,,,,,,,,,,CPU,PowerPC 750,,,,,,,,,,,,,,,,,,,450MHz,,,,,,,,,,,,,,,,,,,,NA,NA,NA,NA,,,,,,,,,,,,,,,,,,,,,,,,,,,,,,,,,,,,,,,,,,,,,,PowerPC,,,,,,,,,,,,,,,,,,,,,,,,,,,,,,,,,,,,,,,,,,,,,,,,,,,,,,,,,,,,,,,,,,,,,,,
IBM,PowerPC 700,PPC750L-EBOB333,,,,,,,,,,CPU,PowerPC 750,,,,,,,,,,,,,,,,,,,,,,,,,,,,,,,,,,,,,,,NA,NA,NA,NA,,,,,,,,,,,,,,,,,,,,,,,,,,,,,,,,,,,,,,,,,,,,,,PowerPC,,,,,,,,,,,,,,,,,,,,,,,,,,,,,,,,,,,,,,,,,,,,,,,,,,,,,,,,,,,,,,,,,,,,,,,
IBM,PowerPC 700,PPC750L-FBOB400,,,,,,,,,,CPU,PowerPC 750,,,,,,,,,,,,,,,,,,,400MHz,,,,,,,,,,,,,,,,,,,,NA,NA,NA,NA,,,,,,,,,,,,,,,,,,,,,,,,,,,,,,,,,,,,,,,,,,,,,,PowerPC,,,,,,,,,,,,,,,,,,,,,,,,,,,,,,,,,,,,,,,,,,,,,,,,,,,,,,,,,,,,,,,,,,,,,,,
IBM,PowerPC 700,PPC750L-GB350B3,,,,,,,,,,CPU,PowerPC 750,,,,,,,,,,,,,,,,,,,350MHz,,,,,,,,,,,,,,,,,,,,NA,NA,NA,NA,,,,,,,,,,,,,,,,,,,,,,,,,,,,,,,,,,,,,,,,,,,,,,PowerPC,,,,,,,,,,,,,,,,,,,,,,,,,,,,,,,,,,,,,,,,,,,,,,,,,,,,,,,,,,,,,,,,,,,,,,,
IBM,RS64,20L8867,,,,,,,,,,CPU,,,,,,,,,,,,,,,,,,,,,,,,,,,,,,,,,,,,,,,,NA,NA,NA,NA,,,,,,,,,,,,,,,,,,,,,,,,,,,,,,,,,,,,,,,,,,,,,,,,,,,,,,,,,,,,,,,,,,,,,http://gecko54000.free.fr/index.php?folder=/IBM/RS64%20Family/RS64-II/340%20MHz/,,,,,,,,,,,,,,,,,,,,,,,,,,,,,,,,,,,,,,,,,,,,,,,,
IBM,RS64,20L8868,,,,,,,,,,CPU,RS64-II,,,,,,,,,,,,,,,,,,,,,,,,,,,,,,,,,,,,,,,NA,NA,NA,NA,,,,,,,,,,,,,,,,,,,,,,,,,,,,,,,,,,,,,,,,,,,,,,,,,,,,,,,,,,,,,,,,,,,,,http://www.cpu-world.com/forum/viewtopic.php?t=18465&start=0&postdays=0&postorder=asc&highlight=,,,,,,,,,,,,,,,,,,,,,,,,,,,,,,,,,,,,,,,,,,,,,,,,
IBM,RS64,60H0636,,,,,,,,,,CPU,,,,,,,,,,,,,,,,,,,,,,,,,,,,,,,,,,,,,,,,NA,NA,NA,NA,,,,,,,,,,,,,,,,,,,,,,,,,,,,,,,,,,,,,,,,,,,,,,,,,,,,,,,,,,,,,,,,,,,,,http://gecko54000.free.fr/index.php?folder=/IBM/RS64%20Family/Unknown/XXX%20MHz/,,,,,,,,,,,,,,,,,,,,,,,,,,,,,,,,,,,,,,,,,,,,,,,,
IBM,System 390,S/390 G5,,,,,,,,,,CPU,,,,,,,,,,,,,,,,,,,,,,,,,,,,,,,,,,,,,,,,NA,NA,NA,NA,,,,,,,,,,,,,,,,,,,,,,,,,,,,,,,,,,,,,,,,,,,,,,,,,,,,,,,,,,,,,,,,,,,,,,,,,,,,,,,,,,,,,,,,,,,,,,,,,,,,,,,,,,,,,,,,,,,,,
IBM,System 390,System 390 4PU,,,,,,,,,,CPU,,,,,,,,,,,,,,,,,,,,,,,,,,,,,,,,,,,,,,,,NA,NA,NA,NA,,,,,,,,,,,,,,,,,,,,,,,,,,,,,,,,,,,,,,,,,,,,,,,,,,,,,,,,,,,,,,,,,,,,,,,,,,,,,,,,,,,,,,,,,,,,,,,,,,,,,,,,,,,,,,,,,,,,,
IBM,,50G3589,,,,,,,,,,CPU,,,,,,,,1,,,,,,32,,,,,,,,,,,,,,,,,,,,,,,,,,NA,NA,NA,NA,,,,,,,,,,,,,,,,,,,,,,,,,,,,,,,,,,,,,,,,,,,,,,,,,,,,,,,,,,,,,,,,,,,,,http://www.chipdb.org/img-ibm-50g3589-486dlc2-66-2902.htm,http://www.cpu-world.com/info/IBM-parts.html,,,,,,,,,,,,,,,,,,,,,,,,,,,,,,,,,,,,,,,,,,,,,,,
IBM,8086,C8087,,,,,,,,,,FPU,,,8087,Intel,,,,1,,,,,,16,,,,,,5MHz,5MHz,,,,,,,,,NA,NA,NA,NA,NA,NA,NA,NA,NA,NA,NA,NA,NA,NA,NA,NA,NA,,,,,Side-brazed CDIP-40,,,DIP-40,,,,,HMOS,,,,,,,5V,,,,5V,5V,,,,,,,,,,,,,,8087,,,,x86,,,,,NA,,,,,,,,,,,,,,,,,,http://www.cpu-world.com/CPUs/8087/IBM-C8087.html,,,,,,,,,,,,,,,,,,,,,,,,,,,,,,,,,,,,,,,,,,,,,,,,
IBM,8086,C8087-3,,,,,,,,,,FPU,,,8087,Intel,,,,1,,,,,,16,,,,,,,,,,,,,,,,NA,NA,NA,NA,NA,NA,NA,NA,NA,NA,NA,NA,NA,NA,NA,NA,NA,,,,,Side-brazed CDIP-40,,,DIP-40,,,,,HMOS,,,,,,,5V,,,,5V,5V,,,,,,,,,,,,,,8087,,,,x86,,,,,NA,,,,,,,,,,,,,,,,,,http://www.cpu-world.com/CPUs/8087/IBM-C8087-3.html,,,,,,,,,,,,,,,,,,,,,,,,,,,,,,,,,,,,,,,,,,,,,,,,
IBM,8086,C8087-6,,,,,,,,,,FPU,,,8087,Intel,,,,1,,,,,,16,,,,,,,,,,,,,,,,NA,NA,NA,NA,NA,NA,NA,NA,NA,NA,NA,NA,NA,NA,NA,NA,NA,,,,,Side-brazed CDIP-40,,,DIP-40,,,,,HMOS,,,,,,,5V,,,,5V,5V,,,,,,,,,,,,,,8087,,,,x86,,,,,NA,,,,,,,,,,,,,,,,,,http://www.cpu-world.com/CPUs/8087/IBM-C8087-6.html,,,,,,,,,,,,,,,,,,,,,,,,,,,,,,,,,,,,,,,,,,,,,,,,
